Universidad;Ámbito de estudio ISCED 1999;Total
Total Universidades;Total Ámbito;147.336
Total Universidades;Total Educación;13.356
Total Universidades;142 - Ciencias de la educación;3.314
Total Universidades;143 - Formación de docentes de enseñanza infantil;3.834
Total Universidades;144 - Formación de docentes de enseñanza primaria;2.649
Total Universidades;145 - Formación de docentes de enseñanza de temas especiales;1.557
Total Universidades;146 - Formación de docentes de formación profesional;2.002
Total Universidades;Total Artes y humanidades;10.093
Total Universidades;211 - Bellas artes;199
Total Universidades;212 - Música y artes del espectáculo;52
Total Universidades;213 - Técnicas audiovisuales y medios de comunicación;4.099
Total Universidades;214 - Diseño;298
Total Universidades;220 - Humanidades;3.410
Total Universidades;222 - Lenguas extranjeras;885
Total Universidades;223 - Lenguas y dialectos españoles;740
Total Universidades;225 - Historia y arqueología;207
Total Universidades;226 - Filosofia y ética;203
Total Universidades;Total Ciencias sociales, educación comercial y derecho;60.520
Total Universidades;311 - Psicología;8.894
Total Universidades;312 - Sociología, antropología y geografía social y cultural;1.189
Total Universidades;313 - Ciencias políticas;653
Total Universidades;314 - Economía;526
Total Universidades;321 - Periodismo;3.670
Total Universidades;322 - Biblioteconomía, documentación y archivos;874
Total Universidades;342 - Marketing y publicidad;6.570
Total Universidades;343 - Finanzas, banca y seguros;16
Total Universidades;345 - Administración y gestión de empresas;25.849
Total Universidades;380 - Derecho;12.279
Total Universidades;Total Ciencias;10.891
Total Universidades;421 - Biología y Bioquímica;538
Total Universidades;422 - Ciencias del medio ambiente;303
Total Universidades;442 - Química;223
Total Universidades;443 - Geología y meteorología;135
Total Universidades;462 - Estadística;62
Total Universidades;480 - Informática;6
Total Universidades;481 - Ciencias de la computación;9.624
Total Universidades;Total Ingeniería, industria y construcción;21.943
Total Universidades;520 - Ingeniería y profesiones afines;3.774
Total Universidades;521 - Mecánica y metalurgia;770
Total Universidades;522 - Electricidad y energía;71
Total Universidades;523 - Electrónica y automática;4.065
Total Universidades;524 - Procesos químicos;745
Total Universidades;541 - Industria de la alimentación;156
Total Universidades;581 - Arquitectura y urbanismo;10.703
Total Universidades;582 - Construcción e ingeniería civil;1.659
Total Universidades;Total Agricultura y veterinaria;1.690
Total Universidades;621 - Producción agrícola y explotación ganadera;100
Total Universidades;623 - Silvicultura;94
Total Universidades;641 - Veterinaria;1.496
Total Universidades;Total Salud y servicios sociales;24.024
Total Universidades;721 - Medicina;1.901
Total Universidades;723 - Enfermería y atención a enfermos;6.460
Total Universidades;724 - Estudios dentales;4.398
Total Universidades;725 - Tecnología de diagnóstico y tratamiento médico;428
Total Universidades;726 - Terapia y rehabilitación;5.931
Total Universidades;727 - Farmacia;2.466
Total Universidades;762 - Trabajo social y orientación;750
Total Universidades;Total Servicios;6.509
Total Universidades;812 - Viajes, turismo y ocio;2.788
Total Universidades;813 - Deportes;3.721
Universidades Privadas Presenciales;Total Ámbito;105.376
Universidades Privadas Presenciales;Total Educación;11.595
Universidades Privadas Presenciales;142 - Ciencias de la educación;1.553
Universidades Privadas Presenciales;143 - Formación de docentes de enseñanza infantil;3.834
Universidades Privadas Presenciales;144 - Formación de docentes de enseñanza primaria;2.649
Universidades Privadas Presenciales;145 - Formación de docentes de enseñanza de temas especiales;1.557
Universidades Privadas Presenciales;146 - Formación de docentes de formación profesional;2.002
Universidades Privadas Presenciales;Total Artes y humanidades;6.049
Universidades Privadas Presenciales;211 - Bellas artes;199
Universidades Privadas Presenciales;212 - Música y artes del espectáculo;52
Universidades Privadas Presenciales;213 - Técnicas audiovisuales y medios de comunicación;3.472
Universidades Privadas Presenciales;214 - Diseño;298
Universidades Privadas Presenciales;220 - Humanidades;618
Universidades Privadas Presenciales;222 - Lenguas extranjeras;885
Universidades Privadas Presenciales;223 - Lenguas y dialectos españoles;115
Universidades Privadas Presenciales;225 - Historia y arqueología;207
Universidades Privadas Presenciales;226 - Filosofia y ética;203
Universidades Privadas Presenciales;Total Ciencias sociales, educación comercial y derecho;33.030
Universidades Privadas Presenciales;311 - Psicología;3.229
Universidades Privadas Presenciales;312 - Sociología, antropología y geografía social y cultural;461
Universidades Privadas Presenciales;313 - Ciencias políticas;182
Universidades Privadas Presenciales;314 - Economía;526
Universidades Privadas Presenciales;321 - Periodismo;3.670
Universidades Privadas Presenciales;322 - Biblioteconomía, documentación y archivos;60
Universidades Privadas Presenciales;342 - Marketing y publicidad;4.534
Universidades Privadas Presenciales;343 - Finanzas, banca y seguros;16
Universidades Privadas Presenciales;345 - Administración y gestión de empresas;13.121
Universidades Privadas Presenciales;380 - Derecho;7.231
Universidades Privadas Presenciales;Total Ciencias;4.612
Universidades Privadas Presenciales;421 - Biología y Bioquímica;538
Universidades Privadas Presenciales;422 - Ciencias del medio ambiente;303
Universidades Privadas Presenciales;442 - Química;223
Universidades Privadas Presenciales;443 - Geología y meteorología;135
Universidades Privadas Presenciales;462 - Estadística;62
Universidades Privadas Presenciales;480 - Informática;6
Universidades Privadas Presenciales;481 - Ciencias de la computación;3.345
Universidades Privadas Presenciales;Total Ingeniería, industria y construcción;20.987
Universidades Privadas Presenciales;520 - Ingeniería y profesiones afines;3.774
Universidades Privadas Presenciales;521 - Mecánica y metalurgia;770
Universidades Privadas Presenciales;522 - Electricidad y energía;71
Universidades Privadas Presenciales;523 - Electrónica y automática;3.109
Universidades Privadas Presenciales;524 - Procesos químicos;745
Universidades Privadas Presenciales;541 - Industria de la alimentación;156
Universidades Privadas Presenciales;581 - Arquitectura y urbanismo;10.703
Universidades Privadas Presenciales;582 - Construcción e ingeniería civil;1.659
Universidades Privadas Presenciales;Total Agricultura y veterinaria;1.690
Universidades Privadas Presenciales;621 - Producción agrícola y explotación ganadera;100
Universidades Privadas Presenciales;623 - Silvicultura;94
Universidades Privadas Presenciales;641 - Veterinaria;1.496
Universidades Privadas Presenciales;Total Salud y servicios sociales;24.024
Universidades Privadas Presenciales;721 - Medicina;1.901
Universidades Privadas Presenciales;723 - Enfermería y atención a enfermos;6.460
Universidades Privadas Presenciales;724 - Estudios dentales;4.398
Universidades Privadas Presenciales;725 - Tecnología de diagnóstico y tratamiento médico;428
Universidades Privadas Presenciales;726 - Terapia y rehabilitación;5.931
Universidades Privadas Presenciales;727 - Farmacia;2.466
Universidades Privadas Presenciales;762 - Trabajo social y orientación;750
Universidades Privadas Presenciales;Total Servicios;5.079
Universidades Privadas Presenciales;812 - Viajes, turismo y ocio;1.358
Universidades Privadas Presenciales;813 - Deportes;3.721
Abat Oliba CEU;Total Ámbito;1.711
Abat Oliba CEU;Total Educación;..
Abat Oliba CEU;142 - Ciencias de la educación;..
Abat Oliba CEU;143 - Formación de docentes de enseñanza infantil;..
Abat Oliba CEU;144 - Formación de docentes de enseñanza primaria;..
Abat Oliba CEU;145 - Formación de docentes de enseñanza de temas especiales;..
Abat Oliba CEU;146 - Formación de docentes de formación profesional;..
Abat Oliba CEU;Total Artes y humanidades;..
Abat Oliba CEU;211 - Bellas artes;..
Abat Oliba CEU;212 - Música y artes del espectáculo;..
Abat Oliba CEU;213 - Técnicas audiovisuales y medios de comunicación;..
Abat Oliba CEU;214 - Diseño;..
Abat Oliba CEU;220 - Humanidades;..
Abat Oliba CEU;222 - Lenguas extranjeras;..
Abat Oliba CEU;223 - Lenguas y dialectos españoles;..
Abat Oliba CEU;225 - Historia y arqueología;..
Abat Oliba CEU;226 - Filosofia y ética;..
Abat Oliba CEU;Total Ciencias sociales, educación comercial y derecho;1.711
Abat Oliba CEU;311 - Psicología;92
Abat Oliba CEU;312 - Sociología, antropología y geografía social y cultural;..
Abat Oliba CEU;313 - Ciencias políticas;70
Abat Oliba CEU;314 - Economía;111
Abat Oliba CEU;321 - Periodismo;154
Abat Oliba CEU;322 - Biblioteconomía, documentación y archivos;..
Abat Oliba CEU;342 - Marketing y publicidad;324
Abat Oliba CEU;343 - Finanzas, banca y seguros;..
Abat Oliba CEU;345 - Administración y gestión de empresas;657
Abat Oliba CEU;380 - Derecho;303
Abat Oliba CEU;Total Ciencias;..
Abat Oliba CEU;421 - Biología y Bioquímica;..
Abat Oliba CEU;422 - Ciencias del medio ambiente;..
Abat Oliba CEU;442 - Química;..
Abat Oliba CEU;443 - Geología y meteorología;..
Abat Oliba CEU;462 - Estadística;..
Abat Oliba CEU;480 - Informática;..
Abat Oliba CEU;481 - Ciencias de la computación;..
Abat Oliba CEU;Total Ingeniería, industria y construcción;..
Abat Oliba CEU;520 - Ingeniería y profesiones afines;..
Abat Oliba CEU;521 - Mecánica y metalurgia;..
Abat Oliba CEU;522 - Electricidad y energía;..
Abat Oliba CEU;523 - Electrónica y automática;..
Abat Oliba CEU;524 - Procesos químicos;..
Abat Oliba CEU;541 - Industria de la alimentación;..
Abat Oliba CEU;581 - Arquitectura y urbanismo;..
Abat Oliba CEU;582 - Construcción e ingeniería civil;..
Abat Oliba CEU;Total Agricultura y veterinaria;..
Abat Oliba CEU;621 - Producción agrícola y explotación ganadera;..
Abat Oliba CEU;623 - Silvicultura;..
Abat Oliba CEU;641 - Veterinaria;..
Abat Oliba CEU;Total Salud y servicios sociales;..
Abat Oliba CEU;721 - Medicina;..
Abat Oliba CEU;723 - Enfermería y atención a enfermos;..
Abat Oliba CEU;724 - Estudios dentales;..
Abat Oliba CEU;725 - Tecnología de diagnóstico y tratamiento médico;..
Abat Oliba CEU;726 - Terapia y rehabilitación;..
Abat Oliba CEU;727 - Farmacia;..
Abat Oliba CEU;762 - Trabajo social y orientación;..
Abat Oliba CEU;Total Servicios;..
Abat Oliba CEU;812 - Viajes, turismo y ocio;..
Abat Oliba CEU;813 - Deportes;..
Alfonso X El Sabio;Total Ámbito;8.897
Alfonso X El Sabio;Total Educación;..
Alfonso X El Sabio;142 - Ciencias de la educación;..
Alfonso X El Sabio;143 - Formación de docentes de enseñanza infantil;..
Alfonso X El Sabio;144 - Formación de docentes de enseñanza primaria;..
Alfonso X El Sabio;145 - Formación de docentes de enseñanza de temas especiales;..
Alfonso X El Sabio;146 - Formación de docentes de formación profesional;..
Alfonso X El Sabio;Total Artes y humanidades;73
Alfonso X El Sabio;211 - Bellas artes;..
Alfonso X El Sabio;212 - Música y artes del espectáculo;..
Alfonso X El Sabio;213 - Técnicas audiovisuales y medios de comunicación;..
Alfonso X El Sabio;214 - Diseño;..
Alfonso X El Sabio;220 - Humanidades;..
Alfonso X El Sabio;222 - Lenguas extranjeras;73
Alfonso X El Sabio;223 - Lenguas y dialectos españoles;..
Alfonso X El Sabio;225 - Historia y arqueología;..
Alfonso X El Sabio;226 - Filosofia y ética;..
Alfonso X El Sabio;Total Ciencias sociales, educación comercial y derecho;554
Alfonso X El Sabio;311 - Psicología;..
Alfonso X El Sabio;312 - Sociología, antropología y geografía social y cultural;..
Alfonso X El Sabio;313 - Ciencias políticas;..
Alfonso X El Sabio;314 - Economía;..
Alfonso X El Sabio;321 - Periodismo;..
Alfonso X El Sabio;322 - Biblioteconomía, documentación y archivos;..
Alfonso X El Sabio;342 - Marketing y publicidad;..
Alfonso X El Sabio;343 - Finanzas, banca y seguros;..
Alfonso X El Sabio;345 - Administración y gestión de empresas;361
Alfonso X El Sabio;380 - Derecho;193
Alfonso X El Sabio;Total Ciencias;194
Alfonso X El Sabio;421 - Biología y Bioquímica;..
Alfonso X El Sabio;422 - Ciencias del medio ambiente;38
Alfonso X El Sabio;442 - Química;..
Alfonso X El Sabio;443 - Geología y meteorología;..
Alfonso X El Sabio;462 - Estadística;..
Alfonso X El Sabio;480 - Informática;6
Alfonso X El Sabio;481 - Ciencias de la computación;150
Alfonso X El Sabio;Total Ingeniería, industria y construcción;2.985
Alfonso X El Sabio;520 - Ingeniería y profesiones afines;525
Alfonso X El Sabio;521 - Mecánica y metalurgia;..
Alfonso X El Sabio;522 - Electricidad y energía;..
Alfonso X El Sabio;523 - Electrónica y automática;194
Alfonso X El Sabio;524 - Procesos químicos;6
Alfonso X El Sabio;541 - Industria de la alimentación;..
Alfonso X El Sabio;581 - Arquitectura y urbanismo;1.204
Alfonso X El Sabio;582 - Construcción e ingeniería civil;1.056
Alfonso X El Sabio;Total Agricultura y veterinaria;740
Alfonso X El Sabio;621 - Producción agrícola y explotación ganadera;..
Alfonso X El Sabio;623 - Silvicultura;..
Alfonso X El Sabio;641 - Veterinaria;740
Alfonso X El Sabio;Total Salud y servicios sociales;4.891
Alfonso X El Sabio;721 - Medicina;..
Alfonso X El Sabio;723 - Enfermería y atención a enfermos;628
Alfonso X El Sabio;724 - Estudios dentales;2.015
Alfonso X El Sabio;725 - Tecnología de diagnóstico y tratamiento médico;..
Alfonso X El Sabio;726 - Terapia y rehabilitación;674
Alfonso X El Sabio;727 - Farmacia;834
Alfonso X El Sabio;762 - Trabajo social y orientación;..
Alfonso X El Sabio;Total Servicios;200
Alfonso X El Sabio;812 - Viajes, turismo y ocio;26
Alfonso X El Sabio;813 - Deportes;174
Antonio de Nebrija;Total Ámbito;1.132
Antonio de Nebrija;Total Educación;..
Antonio de Nebrija;142 - Ciencias de la educación;..
Antonio de Nebrija;143 - Formación de docentes de enseñanza infantil;..
Antonio de Nebrija;144 - Formación de docentes de enseñanza primaria;..
Antonio de Nebrija;145 - Formación de docentes de enseñanza de temas especiales;..
Antonio de Nebrija;146 - Formación de docentes de formación profesional;..
Antonio de Nebrija;Total Artes y humanidades;208
Antonio de Nebrija;211 - Bellas artes;..
Antonio de Nebrija;212 - Música y artes del espectáculo;19
Antonio de Nebrija;213 - Técnicas audiovisuales y medios de comunicación;103
Antonio de Nebrija;214 - Diseño;..
Antonio de Nebrija;220 - Humanidades;6
Antonio de Nebrija;222 - Lenguas extranjeras;80
Antonio de Nebrija;223 - Lenguas y dialectos españoles;..
Antonio de Nebrija;225 - Historia y arqueología;..
Antonio de Nebrija;226 - Filosofia y ética;..
Antonio de Nebrija;Total Ciencias sociales, educación comercial y derecho;472
Antonio de Nebrija;311 - Psicología;..
Antonio de Nebrija;312 - Sociología, antropología y geografía social y cultural;..
Antonio de Nebrija;313 - Ciencias políticas;..
Antonio de Nebrija;314 - Economía;..
Antonio de Nebrija;321 - Periodismo;83
Antonio de Nebrija;322 - Biblioteconomía, documentación y archivos;..
Antonio de Nebrija;342 - Marketing y publicidad;181
Antonio de Nebrija;343 - Finanzas, banca y seguros;..
Antonio de Nebrija;345 - Administración y gestión de empresas;143
Antonio de Nebrija;380 - Derecho;65
Antonio de Nebrija;Total Ciencias;58
Antonio de Nebrija;421 - Biología y Bioquímica;..
Antonio de Nebrija;422 - Ciencias del medio ambiente;..
Antonio de Nebrija;442 - Química;..
Antonio de Nebrija;443 - Geología y meteorología;..
Antonio de Nebrija;462 - Estadística;..
Antonio de Nebrija;480 - Informática;..
Antonio de Nebrija;481 - Ciencias de la computación;58
Antonio de Nebrija;Total Ingeniería, industria y construcción;255
Antonio de Nebrija;520 - Ingeniería y profesiones afines;221
Antonio de Nebrija;521 - Mecánica y metalurgia;..
Antonio de Nebrija;522 - Electricidad y energía;..
Antonio de Nebrija;523 - Electrónica y automática;34
Antonio de Nebrija;524 - Procesos químicos;..
Antonio de Nebrija;541 - Industria de la alimentación;..
Antonio de Nebrija;581 - Arquitectura y urbanismo;..
Antonio de Nebrija;582 - Construcción e ingeniería civil;..
Antonio de Nebrija;Total Agricultura y veterinaria;..
Antonio de Nebrija;621 - Producción agrícola y explotación ganadera;..
Antonio de Nebrija;623 - Silvicultura;..
Antonio de Nebrija;641 - Veterinaria;..
Antonio de Nebrija;Total Salud y servicios sociales;..
Antonio de Nebrija;721 - Medicina;..
Antonio de Nebrija;723 - Enfermería y atención a enfermos;..
Antonio de Nebrija;724 - Estudios dentales;..
Antonio de Nebrija;725 - Tecnología de diagnóstico y tratamiento médico;..
Antonio de Nebrija;726 - Terapia y rehabilitación;..
Antonio de Nebrija;727 - Farmacia;..
Antonio de Nebrija;762 - Trabajo social y orientación;..
Antonio de Nebrija;Total Servicios;139
Antonio de Nebrija;812 - Viajes, turismo y ocio;139
Antonio de Nebrija;813 - Deportes;..
Camilo José Cela;Total Ámbito;2.509
Camilo José Cela;Total Educación;1.008
Camilo José Cela;142 - Ciencias de la educación;80
Camilo José Cela;143 - Formación de docentes de enseñanza infantil;337
Camilo José Cela;144 - Formación de docentes de enseñanza primaria;23
Camilo José Cela;145 - Formación de docentes de enseñanza de temas especiales;286
Camilo José Cela;146 - Formación de docentes de formación profesional;282
Camilo José Cela;Total Artes y humanidades;129
Camilo José Cela;211 - Bellas artes;..
Camilo José Cela;212 - Música y artes del espectáculo;..
Camilo José Cela;213 - Técnicas audiovisuales y medios de comunicación;75
Camilo José Cela;214 - Diseño;54
Camilo José Cela;220 - Humanidades;..
Camilo José Cela;222 - Lenguas extranjeras;..
Camilo José Cela;223 - Lenguas y dialectos españoles;..
Camilo José Cela;225 - Historia y arqueología;..
Camilo José Cela;226 - Filosofia y ética;..
Camilo José Cela;Total Ciencias sociales, educación comercial y derecho;473
Camilo José Cela;311 - Psicología;150
Camilo José Cela;312 - Sociología, antropología y geografía social y cultural;133
Camilo José Cela;313 - Ciencias políticas;..
Camilo José Cela;314 - Economía;..
Camilo José Cela;321 - Periodismo;71
Camilo José Cela;322 - Biblioteconomía, documentación y archivos;..
Camilo José Cela;342 - Marketing y publicidad;77
Camilo José Cela;343 - Finanzas, banca y seguros;..
Camilo José Cela;345 - Administración y gestión de empresas;8
Camilo José Cela;380 - Derecho;34
Camilo José Cela;Total Ciencias;12
Camilo José Cela;421 - Biología y Bioquímica;..
Camilo José Cela;422 - Ciencias del medio ambiente;..
Camilo José Cela;442 - Química;..
Camilo José Cela;443 - Geología y meteorología;..
Camilo José Cela;462 - Estadística;..
Camilo José Cela;480 - Informática;..
Camilo José Cela;481 - Ciencias de la computación;12
Camilo José Cela;Total Ingeniería, industria y construcción;696
Camilo José Cela;520 - Ingeniería y profesiones afines;..
Camilo José Cela;521 - Mecánica y metalurgia;..
Camilo José Cela;522 - Electricidad y energía;..
Camilo José Cela;523 - Electrónica y automática;..
Camilo José Cela;524 - Procesos químicos;..
Camilo José Cela;541 - Industria de la alimentación;..
Camilo José Cela;581 - Arquitectura y urbanismo;696
Camilo José Cela;582 - Construcción e ingeniería civil;..
Camilo José Cela;Total Agricultura y veterinaria;..
Camilo José Cela;621 - Producción agrícola y explotación ganadera;..
Camilo José Cela;623 - Silvicultura;..
Camilo José Cela;641 - Veterinaria;..
Camilo José Cela;Total Salud y servicios sociales;..
Camilo José Cela;721 - Medicina;..
Camilo José Cela;723 - Enfermería y atención a enfermos;..
Camilo José Cela;724 - Estudios dentales;..
Camilo José Cela;725 - Tecnología de diagnóstico y tratamiento médico;..
Camilo José Cela;726 - Terapia y rehabilitación;..
Camilo José Cela;727 - Farmacia;..
Camilo José Cela;762 - Trabajo social y orientación;..
Camilo José Cela;Total Servicios;191
Camilo José Cela;812 - Viajes, turismo y ocio;29
Camilo José Cela;813 - Deportes;162
Cardenal Herrera-CEU;Total Ámbito;5.919
Cardenal Herrera-CEU;Total Educación;..
Cardenal Herrera-CEU;142 - Ciencias de la educación;..
Cardenal Herrera-CEU;143 - Formación de docentes de enseñanza infantil;..
Cardenal Herrera-CEU;144 - Formación de docentes de enseñanza primaria;..
Cardenal Herrera-CEU;145 - Formación de docentes de enseñanza de temas especiales;..
Cardenal Herrera-CEU;146 - Formación de docentes de formación profesional;..
Cardenal Herrera-CEU;Total Artes y humanidades;424
Cardenal Herrera-CEU;211 - Bellas artes;..
Cardenal Herrera-CEU;212 - Música y artes del espectáculo;..
Cardenal Herrera-CEU;213 - Técnicas audiovisuales y medios de comunicación;424
Cardenal Herrera-CEU;214 - Diseño;..
Cardenal Herrera-CEU;220 - Humanidades;..
Cardenal Herrera-CEU;222 - Lenguas extranjeras;..
Cardenal Herrera-CEU;223 - Lenguas y dialectos españoles;..
Cardenal Herrera-CEU;225 - Historia y arqueología;..
Cardenal Herrera-CEU;226 - Filosofia y ética;..
Cardenal Herrera-CEU;Total Ciencias sociales, educación comercial y derecho;1.832
Cardenal Herrera-CEU;311 - Psicología;..
Cardenal Herrera-CEU;312 - Sociología, antropología y geografía social y cultural;..
Cardenal Herrera-CEU;313 - Ciencias políticas;59
Cardenal Herrera-CEU;314 - Economía;..
Cardenal Herrera-CEU;321 - Periodismo;554
Cardenal Herrera-CEU;322 - Biblioteconomía, documentación y archivos;..
Cardenal Herrera-CEU;342 - Marketing y publicidad;515
Cardenal Herrera-CEU;343 - Finanzas, banca y seguros;..
Cardenal Herrera-CEU;345 - Administración y gestión de empresas;314
Cardenal Herrera-CEU;380 - Derecho;390
Cardenal Herrera-CEU;Total Ciencias;72
Cardenal Herrera-CEU;421 - Biología y Bioquímica;..
Cardenal Herrera-CEU;422 - Ciencias del medio ambiente;..
Cardenal Herrera-CEU;442 - Química;..
Cardenal Herrera-CEU;443 - Geología y meteorología;..
Cardenal Herrera-CEU;462 - Estadística;..
Cardenal Herrera-CEU;480 - Informática;..
Cardenal Herrera-CEU;481 - Ciencias de la computación;72
Cardenal Herrera-CEU;Total Ingeniería, industria y construcción;729
Cardenal Herrera-CEU;520 - Ingeniería y profesiones afines;163
Cardenal Herrera-CEU;521 - Mecánica y metalurgia;..
Cardenal Herrera-CEU;522 - Electricidad y energía;..
Cardenal Herrera-CEU;523 - Electrónica y automática;..
Cardenal Herrera-CEU;524 - Procesos químicos;..
Cardenal Herrera-CEU;541 - Industria de la alimentación;..
Cardenal Herrera-CEU;581 - Arquitectura y urbanismo;566
Cardenal Herrera-CEU;582 - Construcción e ingeniería civil;..
Cardenal Herrera-CEU;Total Agricultura y veterinaria;756
Cardenal Herrera-CEU;621 - Producción agrícola y explotación ganadera;..
Cardenal Herrera-CEU;623 - Silvicultura;..
Cardenal Herrera-CEU;641 - Veterinaria;756
Cardenal Herrera-CEU;Total Salud y servicios sociales;2.862
Cardenal Herrera-CEU;721 - Medicina;..
Cardenal Herrera-CEU;723 - Enfermería y atención a enfermos;816
Cardenal Herrera-CEU;724 - Estudios dentales;405
Cardenal Herrera-CEU;725 - Tecnología de diagnóstico y tratamiento médico;..
Cardenal Herrera-CEU;726 - Terapia y rehabilitación;547
Cardenal Herrera-CEU;727 - Farmacia;338
Cardenal Herrera-CEU;762 - Trabajo social y orientación;..
Cardenal Herrera-CEU;Total Servicios;..
Cardenal Herrera-CEU;812 - Viajes, turismo y ocio;..
Cardenal Herrera-CEU;813 - Deportes;..
Católica de Valencia San Vicente Mártir;Total Ámbito;6.851
Católica de Valencia San Vicente Mártir;Total Educación;3.348
Católica de Valencia San Vicente Mártir;142 - Ciencias de la educación;180
Católica de Valencia San Vicente Mártir;143 - Formación de docentes de enseñanza infantil;1.051
Católica de Valencia San Vicente Mártir;144 - Formación de docentes de enseñanza primaria;1.056
Católica de Valencia San Vicente Mártir;145 - Formación de docentes de enseñanza de temas especiales;410
Católica de Valencia San Vicente Mártir;146 - Formación de docentes de formación profesional;651
Católica de Valencia San Vicente Mártir;Total Artes y humanidades;33
Católica de Valencia San Vicente Mártir;211 - Bellas artes;..
Católica de Valencia San Vicente Mártir;212 - Música y artes del espectáculo;33
Católica de Valencia San Vicente Mártir;213 - Técnicas audiovisuales y medios de comunicación;..
Católica de Valencia San Vicente Mártir;214 - Diseño;..
Católica de Valencia San Vicente Mártir;220 - Humanidades;..
Católica de Valencia San Vicente Mártir;222 - Lenguas extranjeras;..
Católica de Valencia San Vicente Mártir;223 - Lenguas y dialectos españoles;..
Católica de Valencia San Vicente Mártir;225 - Historia y arqueología;..
Católica de Valencia San Vicente Mártir;226 - Filosofia y ética;..
Católica de Valencia San Vicente Mártir;Total Ciencias sociales, educación comercial y derecho;700
Católica de Valencia San Vicente Mártir;311 - Psicología;238
Católica de Valencia San Vicente Mártir;312 - Sociología, antropología y geografía social y cultural;50
Católica de Valencia San Vicente Mártir;313 - Ciencias políticas;..
Católica de Valencia San Vicente Mártir;314 - Economía;..
Católica de Valencia San Vicente Mártir;321 - Periodismo;..
Católica de Valencia San Vicente Mártir;322 - Biblioteconomía, documentación y archivos;..
Católica de Valencia San Vicente Mártir;342 - Marketing y publicidad;..
Católica de Valencia San Vicente Mártir;343 - Finanzas, banca y seguros;..
Católica de Valencia San Vicente Mártir;345 - Administración y gestión de empresas;412
Católica de Valencia San Vicente Mártir;380 - Derecho;..
Católica de Valencia San Vicente Mártir;Total Ciencias;135
Católica de Valencia San Vicente Mártir;421 - Biología y Bioquímica;..
Católica de Valencia San Vicente Mártir;422 - Ciencias del medio ambiente;..
Católica de Valencia San Vicente Mártir;442 - Química;..
Católica de Valencia San Vicente Mártir;443 - Geología y meteorología;135
Católica de Valencia San Vicente Mártir;462 - Estadística;..
Católica de Valencia San Vicente Mártir;480 - Informática;..
Católica de Valencia San Vicente Mártir;481 - Ciencias de la computación;..
Católica de Valencia San Vicente Mártir;Total Ingeniería, industria y construcción;..
Católica de Valencia San Vicente Mártir;520 - Ingeniería y profesiones afines;..
Católica de Valencia San Vicente Mártir;521 - Mecánica y metalurgia;..
Católica de Valencia San Vicente Mártir;522 - Electricidad y energía;..
Católica de Valencia San Vicente Mártir;523 - Electrónica y automática;..
Católica de Valencia San Vicente Mártir;524 - Procesos químicos;..
Católica de Valencia San Vicente Mártir;541 - Industria de la alimentación;..
Católica de Valencia San Vicente Mártir;581 - Arquitectura y urbanismo;..
Católica de Valencia San Vicente Mártir;582 - Construcción e ingeniería civil;..
Católica de Valencia San Vicente Mártir;Total Agricultura y veterinaria;..
Católica de Valencia San Vicente Mártir;621 - Producción agrícola y explotación ganadera;..
Católica de Valencia San Vicente Mártir;623 - Silvicultura;..
Católica de Valencia San Vicente Mártir;641 - Veterinaria;..
Católica de Valencia San Vicente Mártir;Total Salud y servicios sociales;1.611
Católica de Valencia San Vicente Mártir;721 - Medicina;310
Católica de Valencia San Vicente Mártir;723 - Enfermería y atención a enfermos;1.002
Católica de Valencia San Vicente Mártir;724 - Estudios dentales;..
Católica de Valencia San Vicente Mártir;725 - Tecnología de diagnóstico y tratamiento médico;..
Católica de Valencia San Vicente Mártir;726 - Terapia y rehabilitación;299
Católica de Valencia San Vicente Mártir;727 - Farmacia;..
Católica de Valencia San Vicente Mártir;762 - Trabajo social y orientación;..
Católica de Valencia San Vicente Mártir;Total Servicios;1.024
Católica de Valencia San Vicente Mártir;812 - Viajes, turismo y ocio;..
Católica de Valencia San Vicente Mártir;813 - Deportes;1.024
Católica San Antonio de Murcia;Total Ámbito;4.948
Católica San Antonio de Murcia;Total Educación;..
Católica San Antonio de Murcia;142 - Ciencias de la educación;..
Católica San Antonio de Murcia;143 - Formación de docentes de enseñanza infantil;..
Católica San Antonio de Murcia;144 - Formación de docentes de enseñanza primaria;..
Católica San Antonio de Murcia;145 - Formación de docentes de enseñanza de temas especiales;..
Católica San Antonio de Murcia;146 - Formación de docentes de formación profesional;..
Católica San Antonio de Murcia;Total Artes y humanidades;163
Católica San Antonio de Murcia;211 - Bellas artes;..
Católica San Antonio de Murcia;212 - Música y artes del espectáculo;..
Católica San Antonio de Murcia;213 - Técnicas audiovisuales y medios de comunicación;163
Católica San Antonio de Murcia;214 - Diseño;..
Católica San Antonio de Murcia;220 - Humanidades;..
Católica San Antonio de Murcia;222 - Lenguas extranjeras;..
Católica San Antonio de Murcia;223 - Lenguas y dialectos españoles;..
Católica San Antonio de Murcia;225 - Historia y arqueología;..
Católica San Antonio de Murcia;226 - Filosofia y ética;..
Católica San Antonio de Murcia;Total Ciencias sociales, educación comercial y derecho;1.016
Católica San Antonio de Murcia;311 - Psicología;..
Católica San Antonio de Murcia;312 - Sociología, antropología y geografía social y cultural;111
Católica San Antonio de Murcia;313 - Ciencias políticas;..
Católica San Antonio de Murcia;314 - Economía;..
Católica San Antonio de Murcia;321 - Periodismo;165
Católica San Antonio de Murcia;322 - Biblioteconomía, documentación y archivos;..
Católica San Antonio de Murcia;342 - Marketing y publicidad;164
Católica San Antonio de Murcia;343 - Finanzas, banca y seguros;..
Católica San Antonio de Murcia;345 - Administración y gestión de empresas;343
Católica San Antonio de Murcia;380 - Derecho;233
Católica San Antonio de Murcia;Total Ciencias;184
Católica San Antonio de Murcia;421 - Biología y Bioquímica;..
Católica San Antonio de Murcia;422 - Ciencias del medio ambiente;..
Católica San Antonio de Murcia;442 - Química;..
Católica San Antonio de Murcia;443 - Geología y meteorología;..
Católica San Antonio de Murcia;462 - Estadística;..
Católica San Antonio de Murcia;480 - Informática;..
Católica San Antonio de Murcia;481 - Ciencias de la computación;184
Católica San Antonio de Murcia;Total Ingeniería, industria y construcción;1.191
Católica San Antonio de Murcia;520 - Ingeniería y profesiones afines;..
Católica San Antonio de Murcia;521 - Mecánica y metalurgia;..
Católica San Antonio de Murcia;522 - Electricidad y energía;..
Católica San Antonio de Murcia;523 - Electrónica y automática;105
Católica San Antonio de Murcia;524 - Procesos químicos;..
Católica San Antonio de Murcia;541 - Industria de la alimentación;49
Católica San Antonio de Murcia;581 - Arquitectura y urbanismo;812
Católica San Antonio de Murcia;582 - Construcción e ingeniería civil;225
Católica San Antonio de Murcia;Total Agricultura y veterinaria;..
Católica San Antonio de Murcia;621 - Producción agrícola y explotación ganadera;..
Católica San Antonio de Murcia;623 - Silvicultura;..
Católica San Antonio de Murcia;641 - Veterinaria;..
Católica San Antonio de Murcia;Total Salud y servicios sociales;1.601
Católica San Antonio de Murcia;721 - Medicina;..
Católica San Antonio de Murcia;723 - Enfermería y atención a enfermos;801
Católica San Antonio de Murcia;724 - Estudios dentales;..
Católica San Antonio de Murcia;725 - Tecnología de diagnóstico y tratamiento médico;..
Católica San Antonio de Murcia;726 - Terapia y rehabilitación;800
Católica San Antonio de Murcia;727 - Farmacia;..
Católica San Antonio de Murcia;762 - Trabajo social y orientación;..
Católica San Antonio de Murcia;Total Servicios;793
Católica San Antonio de Murcia;812 - Viajes, turismo y ocio;82
Católica San Antonio de Murcia;813 - Deportes;711
Católica Santa Teresa de Jesús de Ávila;Total Ámbito;566
Católica Santa Teresa de Jesús de Ávila;Total Educación;..
Católica Santa Teresa de Jesús de Ávila;142 - Ciencias de la educación;..
Católica Santa Teresa de Jesús de Ávila;143 - Formación de docentes de enseñanza infantil;..
Católica Santa Teresa de Jesús de Ávila;144 - Formación de docentes de enseñanza primaria;..
Católica Santa Teresa de Jesús de Ávila;145 - Formación de docentes de enseñanza de temas especiales;..
Católica Santa Teresa de Jesús de Ávila;146 - Formación de docentes de formación profesional;..
Católica Santa Teresa de Jesús de Ávila;Total Artes y humanidades;..
Católica Santa Teresa de Jesús de Ávila;211 - Bellas artes;..
Católica Santa Teresa de Jesús de Ávila;212 - Música y artes del espectáculo;..
Católica Santa Teresa de Jesús de Ávila;213 - Técnicas audiovisuales y medios de comunicación;..
Católica Santa Teresa de Jesús de Ávila;214 - Diseño;..
Católica Santa Teresa de Jesús de Ávila;220 - Humanidades;..
Católica Santa Teresa de Jesús de Ávila;222 - Lenguas extranjeras;..
Católica Santa Teresa de Jesús de Ávila;223 - Lenguas y dialectos españoles;..
Católica Santa Teresa de Jesús de Ávila;225 - Historia y arqueología;..
Católica Santa Teresa de Jesús de Ávila;226 - Filosofia y ética;..
Católica Santa Teresa de Jesús de Ávila;Total Ciencias sociales, educación comercial y derecho;229
Católica Santa Teresa de Jesús de Ávila;311 - Psicología;..
Católica Santa Teresa de Jesús de Ávila;312 - Sociología, antropología y geografía social y cultural;..
Católica Santa Teresa de Jesús de Ávila;313 - Ciencias políticas;..
Católica Santa Teresa de Jesús de Ávila;314 - Economía;24
Católica Santa Teresa de Jesús de Ávila;321 - Periodismo;..
Católica Santa Teresa de Jesús de Ávila;322 - Biblioteconomía, documentación y archivos;..
Católica Santa Teresa de Jesús de Ávila;342 - Marketing y publicidad;..
Católica Santa Teresa de Jesús de Ávila;343 - Finanzas, banca y seguros;..
Católica Santa Teresa de Jesús de Ávila;345 - Administración y gestión de empresas;119
Católica Santa Teresa de Jesús de Ávila;380 - Derecho;86
Católica Santa Teresa de Jesús de Ávila;Total Ciencias;45
Católica Santa Teresa de Jesús de Ávila;421 - Biología y Bioquímica;..
Católica Santa Teresa de Jesús de Ávila;422 - Ciencias del medio ambiente;21
Católica Santa Teresa de Jesús de Ávila;442 - Química;..
Católica Santa Teresa de Jesús de Ávila;443 - Geología y meteorología;..
Católica Santa Teresa de Jesús de Ávila;462 - Estadística;..
Católica Santa Teresa de Jesús de Ávila;480 - Informática;..
Católica Santa Teresa de Jesús de Ávila;481 - Ciencias de la computación;24
Católica Santa Teresa de Jesús de Ávila;Total Ingeniería, industria y construcción;117
Católica Santa Teresa de Jesús de Ávila;520 - Ingeniería y profesiones afines;..
Católica Santa Teresa de Jesús de Ávila;521 - Mecánica y metalurgia;117
Católica Santa Teresa de Jesús de Ávila;522 - Electricidad y energía;..
Católica Santa Teresa de Jesús de Ávila;523 - Electrónica y automática;..
Católica Santa Teresa de Jesús de Ávila;524 - Procesos químicos;..
Católica Santa Teresa de Jesús de Ávila;541 - Industria de la alimentación;..
Católica Santa Teresa de Jesús de Ávila;581 - Arquitectura y urbanismo;..
Católica Santa Teresa de Jesús de Ávila;582 - Construcción e ingeniería civil;..
Católica Santa Teresa de Jesús de Ávila;Total Agricultura y veterinaria;175
Católica Santa Teresa de Jesús de Ávila;621 - Producción agrícola y explotación ganadera;81
Católica Santa Teresa de Jesús de Ávila;623 - Silvicultura;94
Católica Santa Teresa de Jesús de Ávila;641 - Veterinaria;..
Católica Santa Teresa de Jesús de Ávila;Total Salud y servicios sociales;175
Católica Santa Teresa de Jesús de Ávila;721 - Medicina;..
Católica Santa Teresa de Jesús de Ávila;723 - Enfermería y atención a enfermos;..
Católica Santa Teresa de Jesús de Ávila;724 - Estudios dentales;..
Católica Santa Teresa de Jesús de Ávila;725 - Tecnología de diagnóstico y tratamiento médico;..
Católica Santa Teresa de Jesús de Ávila;726 - Terapia y rehabilitación;..
Católica Santa Teresa de Jesús de Ávila;727 - Farmacia;..
Católica Santa Teresa de Jesús de Ávila;762 - Trabajo social y orientación;..
Católica Santa Teresa de Jesús de Ávila;Total Servicios;..
Católica Santa Teresa de Jesús de Ávila;812 - Viajes, turismo y ocio;..
Católica Santa Teresa de Jesús de Ávila;813 - Deportes;..
Deusto;Total Ámbito;6.928
Deusto;Total Educación;274
Deusto;142 - Ciencias de la educación;274
Deusto;143 - Formación de docentes de enseñanza infantil;..
Deusto;144 - Formación de docentes de enseñanza primaria;..
Deusto;145 - Formación de docentes de enseñanza de temas especiales;..
Deusto;146 - Formación de docentes de formación profesional;..
Deusto;Total Artes y humanidades;669
Deusto;211 - Bellas artes;..
Deusto;212 - Música y artes del espectáculo;..
Deusto;213 - Técnicas audiovisuales y medios de comunicación;..
Deusto;214 - Diseño;..
Deusto;220 - Humanidades;334
Deusto;222 - Lenguas extranjeras;119
Deusto;223 - Lenguas y dialectos españoles;58
Deusto;225 - Historia y arqueología;117
Deusto;226 - Filosofia y ética;41
Deusto;Total Ciencias sociales, educación comercial y derecho;3.841
Deusto;311 - Psicología;819
Deusto;312 - Sociología, antropología y geografía social y cultural;44
Deusto;313 - Ciencias políticas;..
Deusto;314 - Economía;..
Deusto;321 - Periodismo;..
Deusto;322 - Biblioteconomía, documentación y archivos;..
Deusto;342 - Marketing y publicidad;..
Deusto;343 - Finanzas, banca y seguros;..
Deusto;345 - Administración y gestión de empresas;1.819
Deusto;380 - Derecho;1.159
Deusto;Total Ciencias;779
Deusto;421 - Biología y Bioquímica;..
Deusto;422 - Ciencias del medio ambiente;..
Deusto;442 - Química;..
Deusto;443 - Geología y meteorología;..
Deusto;462 - Estadística;..
Deusto;480 - Informática;..
Deusto;481 - Ciencias de la computación;779
Deusto;Total Ingeniería, industria y construcción;577
Deusto;520 - Ingeniería y profesiones afines;..
Deusto;521 - Mecánica y metalurgia;..
Deusto;522 - Electricidad y energía;..
Deusto;523 - Electrónica y automática;577
Deusto;524 - Procesos químicos;..
Deusto;541 - Industria de la alimentación;..
Deusto;581 - Arquitectura y urbanismo;..
Deusto;582 - Construcción e ingeniería civil;..
Deusto;Total Agricultura y veterinaria;..
Deusto;621 - Producción agrícola y explotación ganadera;..
Deusto;623 - Silvicultura;..
Deusto;641 - Veterinaria;..
Deusto;Total Salud y servicios sociales;266
Deusto;721 - Medicina;..
Deusto;723 - Enfermería y atención a enfermos;..
Deusto;724 - Estudios dentales;..
Deusto;725 - Tecnología de diagnóstico y tratamiento médico;..
Deusto;726 - Terapia y rehabilitación;..
Deusto;727 - Farmacia;..
Deusto;762 - Trabajo social y orientación;266
Deusto;Total Servicios;522
Deusto;812 - Viajes, turismo y ocio;522
Deusto;813 - Deportes;..
Europea de Madrid;Total Ámbito;8.720
Europea de Madrid;Total Educación;2
Europea de Madrid;142 - Ciencias de la educación;..
Europea de Madrid;143 - Formación de docentes de enseñanza infantil;..
Europea de Madrid;144 - Formación de docentes de enseñanza primaria;..
Europea de Madrid;145 - Formación de docentes de enseñanza de temas especiales;..
Europea de Madrid;146 - Formación de docentes de formación profesional;2
Europea de Madrid;Total Artes y humanidades;625
Europea de Madrid;211 - Bellas artes;129
Europea de Madrid;212 - Música y artes del espectáculo;..
Europea de Madrid;213 - Técnicas audiovisuales y medios de comunicación;336
Europea de Madrid;214 - Diseño;27
Europea de Madrid;220 - Humanidades;..
Europea de Madrid;222 - Lenguas extranjeras;133
Europea de Madrid;223 - Lenguas y dialectos españoles;..
Europea de Madrid;225 - Historia y arqueología;..
Europea de Madrid;226 - Filosofia y ética;..
Europea de Madrid;Total Ciencias sociales, educación comercial y derecho;1.561
Europea de Madrid;311 - Psicología;..
Europea de Madrid;312 - Sociología, antropología y geografía social y cultural;24
Europea de Madrid;313 - Ciencias políticas;..
Europea de Madrid;314 - Economía;33
Europea de Madrid;321 - Periodismo;98
Europea de Madrid;322 - Biblioteconomía, documentación y archivos;..
Europea de Madrid;342 - Marketing y publicidad;242
Europea de Madrid;343 - Finanzas, banca y seguros;16
Europea de Madrid;345 - Administración y gestión de empresas;773
Europea de Madrid;380 - Derecho;375
Europea de Madrid;Total Ciencias;224
Europea de Madrid;421 - Biología y Bioquímica;..
Europea de Madrid;422 - Ciencias del medio ambiente;20
Europea de Madrid;442 - Química;..
Europea de Madrid;443 - Geología y meteorología;..
Europea de Madrid;462 - Estadística;..
Europea de Madrid;480 - Informática;..
Europea de Madrid;481 - Ciencias de la computación;204
Europea de Madrid;Total Ingeniería, industria y construcción;2.909
Europea de Madrid;520 - Ingeniería y profesiones afines;365
Europea de Madrid;521 - Mecánica y metalurgia;..
Europea de Madrid;522 - Electricidad y energía;..
Europea de Madrid;523 - Electrónica y automática;387
Europea de Madrid;524 - Procesos químicos;..
Europea de Madrid;541 - Industria de la alimentación;..
Europea de Madrid;581 - Arquitectura y urbanismo;1.780
Europea de Madrid;582 - Construcción e ingeniería civil;377
Europea de Madrid;Total Agricultura y veterinaria;..
Europea de Madrid;621 - Producción agrícola y explotación ganadera;..
Europea de Madrid;623 - Silvicultura;..
Europea de Madrid;641 - Veterinaria;..
Europea de Madrid;Total Salud y servicios sociales;2.776
Europea de Madrid;721 - Medicina;80
Europea de Madrid;723 - Enfermería y atención a enfermos;657
Europea de Madrid;724 - Estudios dentales;1.266
Europea de Madrid;725 - Tecnología de diagnóstico y tratamiento médico;291
Europea de Madrid;726 - Terapia y rehabilitación;482
Europea de Madrid;727 - Farmacia;..
Europea de Madrid;762 - Trabajo social y orientación;..
Europea de Madrid;Total Servicios;623
Europea de Madrid;812 - Viajes, turismo y ocio;62
Europea de Madrid;813 - Deportes;561
Europea Miguel de Cervantes;Total Ámbito;1.276
Europea Miguel de Cervantes;Total Educación;..
Europea Miguel de Cervantes;142 - Ciencias de la educación;..
Europea Miguel de Cervantes;143 - Formación de docentes de enseñanza infantil;..
Europea Miguel de Cervantes;144 - Formación de docentes de enseñanza primaria;..
Europea Miguel de Cervantes;145 - Formación de docentes de enseñanza de temas especiales;..
Europea Miguel de Cervantes;146 - Formación de docentes de formación profesional;..
Europea Miguel de Cervantes;Total Artes y humanidades;60
Europea Miguel de Cervantes;211 - Bellas artes;..
Europea Miguel de Cervantes;212 - Música y artes del espectáculo;..
Europea Miguel de Cervantes;213 - Técnicas audiovisuales y medios de comunicación;60
Europea Miguel de Cervantes;214 - Diseño;..
Europea Miguel de Cervantes;220 - Humanidades;..
Europea Miguel de Cervantes;222 - Lenguas extranjeras;..
Europea Miguel de Cervantes;223 - Lenguas y dialectos españoles;..
Europea Miguel de Cervantes;225 - Historia y arqueología;..
Europea Miguel de Cervantes;226 - Filosofia y ética;..
Europea Miguel de Cervantes;Total Ciencias sociales, educación comercial y derecho;267
Europea Miguel de Cervantes;311 - Psicología;..
Europea Miguel de Cervantes;312 - Sociología, antropología y geografía social y cultural;..
Europea Miguel de Cervantes;313 - Ciencias políticas;..
Europea Miguel de Cervantes;314 - Economía;..
Europea Miguel de Cervantes;321 - Periodismo;93
Europea Miguel de Cervantes;322 - Biblioteconomía, documentación y archivos;..
Europea Miguel de Cervantes;342 - Marketing y publicidad;110
Europea Miguel de Cervantes;343 - Finanzas, banca y seguros;..
Europea Miguel de Cervantes;345 - Administración y gestión de empresas;64
Europea Miguel de Cervantes;380 - Derecho;..
Europea Miguel de Cervantes;Total Ciencias;174
Europea Miguel de Cervantes;421 - Biología y Bioquímica;..
Europea Miguel de Cervantes;422 - Ciencias del medio ambiente;79
Europea Miguel de Cervantes;442 - Química;..
Europea Miguel de Cervantes;443 - Geología y meteorología;..
Europea Miguel de Cervantes;462 - Estadística;..
Europea Miguel de Cervantes;480 - Informática;..
Europea Miguel de Cervantes;481 - Ciencias de la computación;95
Europea Miguel de Cervantes;Total Ingeniería, industria y construcción;505
Europea Miguel de Cervantes;520 - Ingeniería y profesiones afines;..
Europea Miguel de Cervantes;521 - Mecánica y metalurgia;..
Europea Miguel de Cervantes;522 - Electricidad y energía;..
Europea Miguel de Cervantes;523 - Electrónica y automática;..
Europea Miguel de Cervantes;524 - Procesos químicos;..
Europea Miguel de Cervantes;541 - Industria de la alimentación;..
Europea Miguel de Cervantes;581 - Arquitectura y urbanismo;505
Europea Miguel de Cervantes;582 - Construcción e ingeniería civil;..
Europea Miguel de Cervantes;Total Agricultura y veterinaria;19
Europea Miguel de Cervantes;621 - Producción agrícola y explotación ganadera;19
Europea Miguel de Cervantes;623 - Silvicultura;..
Europea Miguel de Cervantes;641 - Veterinaria;..
Europea Miguel de Cervantes;Total Salud y servicios sociales;19
Europea Miguel de Cervantes;721 - Medicina;..
Europea Miguel de Cervantes;723 - Enfermería y atención a enfermos;..
Europea Miguel de Cervantes;724 - Estudios dentales;..
Europea Miguel de Cervantes;725 - Tecnología de diagnóstico y tratamiento médico;..
Europea Miguel de Cervantes;726 - Terapia y rehabilitación;..
Europea Miguel de Cervantes;727 - Farmacia;..
Europea Miguel de Cervantes;762 - Trabajo social y orientación;..
Europea Miguel de Cervantes;Total Servicios;251
Europea Miguel de Cervantes;812 - Viajes, turismo y ocio;72
Europea Miguel de Cervantes;813 - Deportes;179
Francisco de Vitoria;Total Ámbito;2.660
Francisco de Vitoria;Total Educación;167
Francisco de Vitoria;142 - Ciencias de la educación;..
Francisco de Vitoria;143 - Formación de docentes de enseñanza infantil;95
Francisco de Vitoria;144 - Formación de docentes de enseñanza primaria;45
Francisco de Vitoria;145 - Formación de docentes de enseñanza de temas especiales;..
Francisco de Vitoria;146 - Formación de docentes de formación profesional;27
Francisco de Vitoria;Total Artes y humanidades;335
Francisco de Vitoria;211 - Bellas artes;63
Francisco de Vitoria;212 - Música y artes del espectáculo;..
Francisco de Vitoria;213 - Técnicas audiovisuales y medios de comunicación;255
Francisco de Vitoria;214 - Diseño;17
Francisco de Vitoria;220 - Humanidades;..
Francisco de Vitoria;222 - Lenguas extranjeras;..
Francisco de Vitoria;223 - Lenguas y dialectos españoles;..
Francisco de Vitoria;225 - Historia y arqueología;..
Francisco de Vitoria;226 - Filosofia y ética;..
Francisco de Vitoria;Total Ciencias sociales, educación comercial y derecho;1.020
Francisco de Vitoria;311 - Psicología;..
Francisco de Vitoria;312 - Sociología, antropología y geografía social y cultural;..
Francisco de Vitoria;313 - Ciencias políticas;..
Francisco de Vitoria;314 - Economía;..
Francisco de Vitoria;321 - Periodismo;171
Francisco de Vitoria;322 - Biblioteconomía, documentación y archivos;..
Francisco de Vitoria;342 - Marketing y publicidad;209
Francisco de Vitoria;343 - Finanzas, banca y seguros;..
Francisco de Vitoria;345 - Administración y gestión de empresas;479
Francisco de Vitoria;380 - Derecho;161
Francisco de Vitoria;Total Ciencias;203
Francisco de Vitoria;421 - Biología y Bioquímica;..
Francisco de Vitoria;422 - Ciencias del medio ambiente;..
Francisco de Vitoria;442 - Química;..
Francisco de Vitoria;443 - Geología y meteorología;..
Francisco de Vitoria;462 - Estadística;..
Francisco de Vitoria;480 - Informática;..
Francisco de Vitoria;481 - Ciencias de la computación;203
Francisco de Vitoria;Total Ingeniería, industria y construcción;373
Francisco de Vitoria;520 - Ingeniería y profesiones afines;..
Francisco de Vitoria;521 - Mecánica y metalurgia;..
Francisco de Vitoria;522 - Electricidad y energía;..
Francisco de Vitoria;523 - Electrónica y automática;..
Francisco de Vitoria;524 - Procesos químicos;225
Francisco de Vitoria;541 - Industria de la alimentación;..
Francisco de Vitoria;581 - Arquitectura y urbanismo;148
Francisco de Vitoria;582 - Construcción e ingeniería civil;..
Francisco de Vitoria;Total Agricultura y veterinaria;..
Francisco de Vitoria;621 - Producción agrícola y explotación ganadera;..
Francisco de Vitoria;623 - Silvicultura;..
Francisco de Vitoria;641 - Veterinaria;..
Francisco de Vitoria;Total Salud y servicios sociales;562
Francisco de Vitoria;721 - Medicina;..
Francisco de Vitoria;723 - Enfermería y atención a enfermos;366
Francisco de Vitoria;724 - Estudios dentales;..
Francisco de Vitoria;725 - Tecnología de diagnóstico y tratamiento médico;..
Francisco de Vitoria;726 - Terapia y rehabilitación;196
Francisco de Vitoria;727 - Farmacia;..
Francisco de Vitoria;762 - Trabajo social y orientación;..
Francisco de Vitoria;Total Servicios;..
Francisco de Vitoria;812 - Viajes, turismo y ocio;..
Francisco de Vitoria;813 - Deportes;..
IE Universidad;Total Ámbito;1.004
IE Universidad;Total Educación;..
IE Universidad;142 - Ciencias de la educación;..
IE Universidad;143 - Formación de docentes de enseñanza infantil;..
IE Universidad;144 - Formación de docentes de enseñanza primaria;..
IE Universidad;145 - Formación de docentes de enseñanza de temas especiales;..
IE Universidad;146 - Formación de docentes de formación profesional;..
IE Universidad;Total Artes y humanidades;47
IE Universidad;211 - Bellas artes;7
IE Universidad;212 - Música y artes del espectáculo;..
IE Universidad;213 - Técnicas audiovisuales y medios de comunicación;40
IE Universidad;214 - Diseño;..
IE Universidad;220 - Humanidades;..
IE Universidad;222 - Lenguas extranjeras;..
IE Universidad;223 - Lenguas y dialectos españoles;..
IE Universidad;225 - Historia y arqueología;..
IE Universidad;226 - Filosofia y ética;..
IE Universidad;Total Ciencias sociales, educación comercial y derecho;84
IE Universidad;311 - Psicología;54
IE Universidad;312 - Sociología, antropología y geografía social y cultural;..
IE Universidad;313 - Ciencias políticas;..
IE Universidad;314 - Economía;..
IE Universidad;321 - Periodismo;30
IE Universidad;322 - Biblioteconomía, documentación y archivos;..
IE Universidad;342 - Marketing y publicidad;..
IE Universidad;343 - Finanzas, banca y seguros;..
IE Universidad;345 - Administración y gestión de empresas;..
IE Universidad;380 - Derecho;..
IE Universidad;Total Ciencias;40
IE Universidad;421 - Biología y Bioquímica;40
IE Universidad;422 - Ciencias del medio ambiente;..
IE Universidad;442 - Química;..
IE Universidad;443 - Geología y meteorología;..
IE Universidad;462 - Estadística;..
IE Universidad;480 - Informática;..
IE Universidad;481 - Ciencias de la computación;..
IE Universidad;Total Ingeniería, industria y construcción;770
IE Universidad;520 - Ingeniería y profesiones afines;..
IE Universidad;521 - Mecánica y metalurgia;..
IE Universidad;522 - Electricidad y energía;..
IE Universidad;523 - Electrónica y automática;10
IE Universidad;524 - Procesos químicos;..
IE Universidad;541 - Industria de la alimentación;..
IE Universidad;581 - Arquitectura y urbanismo;760
IE Universidad;582 - Construcción e ingeniería civil;..
IE Universidad;Total Agricultura y veterinaria;..
IE Universidad;621 - Producción agrícola y explotación ganadera;..
IE Universidad;623 - Silvicultura;..
IE Universidad;641 - Veterinaria;..
IE Universidad;Total Salud y servicios sociales;..
IE Universidad;721 - Medicina;..
IE Universidad;723 - Enfermería y atención a enfermos;..
IE Universidad;724 - Estudios dentales;..
IE Universidad;725 - Tecnología de diagnóstico y tratamiento médico;..
IE Universidad;726 - Terapia y rehabilitación;..
IE Universidad;727 - Farmacia;..
IE Universidad;762 - Trabajo social y orientación;..
IE Universidad;Total Servicios;63
IE Universidad;812 - Viajes, turismo y ocio;63
IE Universidad;813 - Deportes;..
Internacional de Catalunya;Total Ámbito;3.092
Internacional de Catalunya;Total Educación;873
Internacional de Catalunya;142 - Ciencias de la educación;..
Internacional de Catalunya;143 - Formación de docentes de enseñanza infantil;515
Internacional de Catalunya;144 - Formación de docentes de enseñanza primaria;358
Internacional de Catalunya;145 - Formación de docentes de enseñanza de temas especiales;..
Internacional de Catalunya;146 - Formación de docentes de formación profesional;..
Internacional de Catalunya;Total Artes y humanidades;255
Internacional de Catalunya;211 - Bellas artes;..
Internacional de Catalunya;212 - Música y artes del espectáculo;..
Internacional de Catalunya;213 - Técnicas audiovisuales y medios de comunicación;192
Internacional de Catalunya;214 - Diseño;..
Internacional de Catalunya;220 - Humanidades;63
Internacional de Catalunya;222 - Lenguas extranjeras;..
Internacional de Catalunya;223 - Lenguas y dialectos españoles;..
Internacional de Catalunya;225 - Historia y arqueología;..
Internacional de Catalunya;226 - Filosofia y ética;..
Internacional de Catalunya;Total Ciencias sociales, educación comercial y derecho;572
Internacional de Catalunya;311 - Psicología;..
Internacional de Catalunya;312 - Sociología, antropología y geografía social y cultural;86
Internacional de Catalunya;313 - Ciencias políticas;..
Internacional de Catalunya;314 - Economía;..
Internacional de Catalunya;321 - Periodismo;54
Internacional de Catalunya;322 - Biblioteconomía, documentación y archivos;..
Internacional de Catalunya;342 - Marketing y publicidad;..
Internacional de Catalunya;343 - Finanzas, banca y seguros;..
Internacional de Catalunya;345 - Administración y gestión de empresas;290
Internacional de Catalunya;380 - Derecho;142
Internacional de Catalunya;Total Ciencias;..
Internacional de Catalunya;421 - Biología y Bioquímica;..
Internacional de Catalunya;422 - Ciencias del medio ambiente;..
Internacional de Catalunya;442 - Química;..
Internacional de Catalunya;443 - Geología y meteorología;..
Internacional de Catalunya;462 - Estadística;..
Internacional de Catalunya;480 - Informática;..
Internacional de Catalunya;481 - Ciencias de la computación;..
Internacional de Catalunya;Total Ingeniería, industria y construcción;364
Internacional de Catalunya;520 - Ingeniería y profesiones afines;..
Internacional de Catalunya;521 - Mecánica y metalurgia;..
Internacional de Catalunya;522 - Electricidad y energía;..
Internacional de Catalunya;523 - Electrónica y automática;..
Internacional de Catalunya;524 - Procesos químicos;..
Internacional de Catalunya;541 - Industria de la alimentación;..
Internacional de Catalunya;581 - Arquitectura y urbanismo;364
Internacional de Catalunya;582 - Construcción e ingeniería civil;..
Internacional de Catalunya;Total Agricultura y veterinaria;..
Internacional de Catalunya;621 - Producción agrícola y explotación ganadera;..
Internacional de Catalunya;623 - Silvicultura;..
Internacional de Catalunya;641 - Veterinaria;..
Internacional de Catalunya;Total Salud y servicios sociales;1.028
Internacional de Catalunya;721 - Medicina;..
Internacional de Catalunya;723 - Enfermería y atención a enfermos;232
Internacional de Catalunya;724 - Estudios dentales;474
Internacional de Catalunya;725 - Tecnología de diagnóstico y tratamiento médico;..
Internacional de Catalunya;726 - Terapia y rehabilitación;322
Internacional de Catalunya;727 - Farmacia;..
Internacional de Catalunya;762 - Trabajo social y orientación;..
Internacional de Catalunya;Total Servicios;..
Internacional de Catalunya;812 - Viajes, turismo y ocio;..
Internacional de Catalunya;813 - Deportes;..
Mondragón Unibertsitatea;Total Ámbito;2.785
Mondragón Unibertsitatea;Total Educación;840
Mondragón Unibertsitatea;142 - Ciencias de la educación;96
Mondragón Unibertsitatea;143 - Formación de docentes de enseñanza infantil;352
Mondragón Unibertsitatea;144 - Formación de docentes de enseñanza primaria;137
Mondragón Unibertsitatea;145 - Formación de docentes de enseñanza de temas especiales;67
Mondragón Unibertsitatea;146 - Formación de docentes de formación profesional;188
Mondragón Unibertsitatea;Total Artes y humanidades;274
Mondragón Unibertsitatea;211 - Bellas artes;..
Mondragón Unibertsitatea;212 - Música y artes del espectáculo;..
Mondragón Unibertsitatea;213 - Técnicas audiovisuales y medios de comunicación;157
Mondragón Unibertsitatea;214 - Diseño;99
Mondragón Unibertsitatea;220 - Humanidades;18
Mondragón Unibertsitatea;222 - Lenguas extranjeras;..
Mondragón Unibertsitatea;223 - Lenguas y dialectos españoles;..
Mondragón Unibertsitatea;225 - Historia y arqueología;..
Mondragón Unibertsitatea;226 - Filosofia y ética;..
Mondragón Unibertsitatea;Total Ciencias sociales, educación comercial y derecho;443
Mondragón Unibertsitatea;311 - Psicología;..
Mondragón Unibertsitatea;312 - Sociología, antropología y geografía social y cultural;..
Mondragón Unibertsitatea;313 - Ciencias políticas;..
Mondragón Unibertsitatea;314 - Economía;..
Mondragón Unibertsitatea;321 - Periodismo;..
Mondragón Unibertsitatea;322 - Biblioteconomía, documentación y archivos;..
Mondragón Unibertsitatea;342 - Marketing y publicidad;..
Mondragón Unibertsitatea;343 - Finanzas, banca y seguros;..
Mondragón Unibertsitatea;345 - Administración y gestión de empresas;443
Mondragón Unibertsitatea;380 - Derecho;..
Mondragón Unibertsitatea;Total Ciencias;179
Mondragón Unibertsitatea;421 - Biología y Bioquímica;..
Mondragón Unibertsitatea;422 - Ciencias del medio ambiente;..
Mondragón Unibertsitatea;442 - Química;..
Mondragón Unibertsitatea;443 - Geología y meteorología;..
Mondragón Unibertsitatea;462 - Estadística;..
Mondragón Unibertsitatea;480 - Informática;..
Mondragón Unibertsitatea;481 - Ciencias de la computación;179
Mondragón Unibertsitatea;Total Ingeniería, industria y construcción;1.049
Mondragón Unibertsitatea;520 - Ingeniería y profesiones afines;322
Mondragón Unibertsitatea;521 - Mecánica y metalurgia;423
Mondragón Unibertsitatea;522 - Electricidad y energía;..
Mondragón Unibertsitatea;523 - Electrónica y automática;304
Mondragón Unibertsitatea;524 - Procesos químicos;..
Mondragón Unibertsitatea;541 - Industria de la alimentación;..
Mondragón Unibertsitatea;581 - Arquitectura y urbanismo;..
Mondragón Unibertsitatea;582 - Construcción e ingeniería civil;..
Mondragón Unibertsitatea;Total Agricultura y veterinaria;..
Mondragón Unibertsitatea;621 - Producción agrícola y explotación ganadera;..
Mondragón Unibertsitatea;623 - Silvicultura;..
Mondragón Unibertsitatea;641 - Veterinaria;..
Mondragón Unibertsitatea;Total Salud y servicios sociales;..
Mondragón Unibertsitatea;721 - Medicina;..
Mondragón Unibertsitatea;723 - Enfermería y atención a enfermos;..
Mondragón Unibertsitatea;724 - Estudios dentales;..
Mondragón Unibertsitatea;725 - Tecnología de diagnóstico y tratamiento médico;..
Mondragón Unibertsitatea;726 - Terapia y rehabilitación;..
Mondragón Unibertsitatea;727 - Farmacia;..
Mondragón Unibertsitatea;762 - Trabajo social y orientación;..
Mondragón Unibertsitatea;Total Servicios;..
Mondragón Unibertsitatea;812 - Viajes, turismo y ocio;..
Mondragón Unibertsitatea;813 - Deportes;..
Navarra;Total Ámbito;8.180
Navarra;Total Educación;122
Navarra;142 - Ciencias de la educación;122
Navarra;143 - Formación de docentes de enseñanza infantil;..
Navarra;144 - Formación de docentes de enseñanza primaria;..
Navarra;145 - Formación de docentes de enseñanza de temas especiales;..
Navarra;146 - Formación de docentes de formación profesional;..
Navarra;Total Artes y humanidades;575
Navarra;211 - Bellas artes;..
Navarra;212 - Música y artes del espectáculo;..
Navarra;213 - Técnicas audiovisuales y medios de comunicación;271
Navarra;214 - Diseño;..
Navarra;220 - Humanidades;85
Navarra;222 - Lenguas extranjeras;..
Navarra;223 - Lenguas y dialectos españoles;57
Navarra;225 - Historia y arqueología;90
Navarra;226 - Filosofia y ética;72
Navarra;Total Ciencias sociales, educación comercial y derecho;2.119
Navarra;311 - Psicología;..
Navarra;312 - Sociología, antropología y geografía social y cultural;..
Navarra;313 - Ciencias políticas;..
Navarra;314 - Economía;106
Navarra;321 - Periodismo;340
Navarra;322 - Biblioteconomía, documentación y archivos;..
Navarra;342 - Marketing y publicidad;337
Navarra;343 - Finanzas, banca y seguros;..
Navarra;345 - Administración y gestión de empresas;527
Navarra;380 - Derecho;809
Navarra;Total Ciencias;592
Navarra;421 - Biología y Bioquímica;498
Navarra;422 - Ciencias del medio ambiente;..
Navarra;442 - Química;94
Navarra;443 - Geología y meteorología;..
Navarra;462 - Estadística;..
Navarra;480 - Informática;..
Navarra;481 - Ciencias de la computación;..
Navarra;Total Ingeniería, industria y construcción;2.440
Navarra;520 - Ingeniería y profesiones afines;896
Navarra;521 - Mecánica y metalurgia;5
Navarra;522 - Electricidad y energía;..
Navarra;523 - Electrónica y automática;203
Navarra;524 - Procesos químicos;..
Navarra;541 - Industria de la alimentación;..
Navarra;581 - Arquitectura y urbanismo;1.336
Navarra;582 - Construcción e ingeniería civil;..
Navarra;Total Agricultura y veterinaria;..
Navarra;621 - Producción agrícola y explotación ganadera;..
Navarra;623 - Silvicultura;..
Navarra;641 - Veterinaria;..
Navarra;Total Salud y servicios sociales;2.332
Navarra;721 - Medicina;1.188
Navarra;723 - Enfermería y atención a enfermos;371
Navarra;724 - Estudios dentales;..
Navarra;725 - Tecnología de diagnóstico y tratamiento médico;..
Navarra;726 - Terapia y rehabilitación;103
Navarra;727 - Farmacia;670
Navarra;762 - Trabajo social y orientación;..
Navarra;Total Servicios;..
Navarra;812 - Viajes, turismo y ocio;..
Navarra;813 - Deportes;..
Pontificia Comillas;Total Ámbito;7.124
Pontificia Comillas;Total Educación;65
Pontificia Comillas;142 - Ciencias de la educación;16
Pontificia Comillas;143 - Formación de docentes de enseñanza infantil;32
Pontificia Comillas;144 - Formación de docentes de enseñanza primaria;17
Pontificia Comillas;145 - Formación de docentes de enseñanza de temas especiales;..
Pontificia Comillas;146 - Formación de docentes de formación profesional;..
Pontificia Comillas;Total Artes y humanidades;248
Pontificia Comillas;211 - Bellas artes;..
Pontificia Comillas;212 - Música y artes del espectáculo;..
Pontificia Comillas;213 - Técnicas audiovisuales y medios de comunicación;..
Pontificia Comillas;214 - Diseño;..
Pontificia Comillas;220 - Humanidades;..
Pontificia Comillas;222 - Lenguas extranjeras;214
Pontificia Comillas;223 - Lenguas y dialectos españoles;..
Pontificia Comillas;225 - Historia y arqueología;..
Pontificia Comillas;226 - Filosofia y ética;34
Pontificia Comillas;Total Ciencias sociales, educación comercial y derecho;4.464
Pontificia Comillas;311 - Psicología;462
Pontificia Comillas;312 - Sociología, antropología y geografía social y cultural;13
Pontificia Comillas;313 - Ciencias políticas;36
Pontificia Comillas;314 - Economía;..
Pontificia Comillas;321 - Periodismo;..
Pontificia Comillas;322 - Biblioteconomía, documentación y archivos;..
Pontificia Comillas;342 - Marketing y publicidad;53
Pontificia Comillas;343 - Finanzas, banca y seguros;..
Pontificia Comillas;345 - Administración y gestión de empresas;1.979
Pontificia Comillas;380 - Derecho;1.921
Pontificia Comillas;Total Ciencias;300
Pontificia Comillas;421 - Biología y Bioquímica;..
Pontificia Comillas;422 - Ciencias del medio ambiente;..
Pontificia Comillas;442 - Química;..
Pontificia Comillas;443 - Geología y meteorología;..
Pontificia Comillas;462 - Estadística;47
Pontificia Comillas;480 - Informática;..
Pontificia Comillas;481 - Ciencias de la computación;253
Pontificia Comillas;Total Ingeniería, industria y construcción;1.317
Pontificia Comillas;520 - Ingeniería y profesiones afines;954
Pontificia Comillas;521 - Mecánica y metalurgia;225
Pontificia Comillas;522 - Electricidad y energía;71
Pontificia Comillas;523 - Electrónica y automática;67
Pontificia Comillas;524 - Procesos químicos;..
Pontificia Comillas;541 - Industria de la alimentación;..
Pontificia Comillas;581 - Arquitectura y urbanismo;..
Pontificia Comillas;582 - Construcción e ingeniería civil;..
Pontificia Comillas;Total Agricultura y veterinaria;..
Pontificia Comillas;621 - Producción agrícola y explotación ganadera;..
Pontificia Comillas;623 - Silvicultura;..
Pontificia Comillas;641 - Veterinaria;..
Pontificia Comillas;Total Salud y servicios sociales;730
Pontificia Comillas;721 - Medicina;..
Pontificia Comillas;723 - Enfermería y atención a enfermos;402
Pontificia Comillas;724 - Estudios dentales;..
Pontificia Comillas;725 - Tecnología de diagnóstico y tratamiento médico;..
Pontificia Comillas;726 - Terapia y rehabilitación;146
Pontificia Comillas;727 - Farmacia;..
Pontificia Comillas;762 - Trabajo social y orientación;182
Pontificia Comillas;Total Servicios;..
Pontificia Comillas;812 - Viajes, turismo y ocio;..
Pontificia Comillas;813 - Deportes;..
Pontificia de Salamanca;Total Ámbito;4.500
Pontificia de Salamanca;Total Educación;1.895
Pontificia de Salamanca;142 - Ciencias de la educación;154
Pontificia de Salamanca;143 - Formación de docentes de enseñanza infantil;288
Pontificia de Salamanca;144 - Formación de docentes de enseñanza primaria;495
Pontificia de Salamanca;145 - Formación de docentes de enseñanza de temas especiales;628
Pontificia de Salamanca;146 - Formación de docentes de formación profesional;330
Pontificia de Salamanca;Total Artes y humanidades;368
Pontificia de Salamanca;211 - Bellas artes;..
Pontificia de Salamanca;212 - Música y artes del espectáculo;..
Pontificia de Salamanca;213 - Técnicas audiovisuales y medios de comunicación;321
Pontificia de Salamanca;214 - Diseño;..
Pontificia de Salamanca;220 - Humanidades;16
Pontificia de Salamanca;222 - Lenguas extranjeras;..
Pontificia de Salamanca;223 - Lenguas y dialectos españoles;..
Pontificia de Salamanca;225 - Historia y arqueología;..
Pontificia de Salamanca;226 - Filosofia y ética;31
Pontificia de Salamanca;Total Ciencias sociales, educación comercial y derecho;1.357
Pontificia de Salamanca;311 - Psicología;556
Pontificia de Salamanca;312 - Sociología, antropología y geografía social y cultural;..
Pontificia de Salamanca;313 - Ciencias políticas;..
Pontificia de Salamanca;314 - Economía;..
Pontificia de Salamanca;321 - Periodismo;386
Pontificia de Salamanca;322 - Biblioteconomía, documentación y archivos;..
Pontificia de Salamanca;342 - Marketing y publicidad;353
Pontificia de Salamanca;343 - Finanzas, banca y seguros;..
Pontificia de Salamanca;345 - Administración y gestión de empresas;62
Pontificia de Salamanca;380 - Derecho;..
Pontificia de Salamanca;Total Ciencias;354
Pontificia de Salamanca;421 - Biología y Bioquímica;..
Pontificia de Salamanca;422 - Ciencias del medio ambiente;..
Pontificia de Salamanca;442 - Química;..
Pontificia de Salamanca;443 - Geología y meteorología;..
Pontificia de Salamanca;462 - Estadística;15
Pontificia de Salamanca;480 - Informática;..
Pontificia de Salamanca;481 - Ciencias de la computación;339
Pontificia de Salamanca;Total Ingeniería, industria y construcción;..
Pontificia de Salamanca;520 - Ingeniería y profesiones afines;..
Pontificia de Salamanca;521 - Mecánica y metalurgia;..
Pontificia de Salamanca;522 - Electricidad y energía;..
Pontificia de Salamanca;523 - Electrónica y automática;..
Pontificia de Salamanca;524 - Procesos químicos;..
Pontificia de Salamanca;541 - Industria de la alimentación;..
Pontificia de Salamanca;581 - Arquitectura y urbanismo;..
Pontificia de Salamanca;582 - Construcción e ingeniería civil;..
Pontificia de Salamanca;Total Agricultura y veterinaria;..
Pontificia de Salamanca;621 - Producción agrícola y explotación ganadera;..
Pontificia de Salamanca;623 - Silvicultura;..
Pontificia de Salamanca;641 - Veterinaria;..
Pontificia de Salamanca;Total Salud y servicios sociales;526
Pontificia de Salamanca;721 - Medicina;..
Pontificia de Salamanca;723 - Enfermería y atención a enfermos;326
Pontificia de Salamanca;724 - Estudios dentales;..
Pontificia de Salamanca;725 - Tecnología de diagnóstico y tratamiento médico;..
Pontificia de Salamanca;726 - Terapia y rehabilitación;200
Pontificia de Salamanca;727 - Farmacia;..
Pontificia de Salamanca;762 - Trabajo social y orientación;..
Pontificia de Salamanca;Total Servicios;..
Pontificia de Salamanca;812 - Viajes, turismo y ocio;..
Pontificia de Salamanca;813 - Deportes;..
Ramón Llull;Total Ámbito;13.021
Ramón Llull;Total Educación;1.909
Ramón Llull;142 - Ciencias de la educación;470
Ramón Llull;143 - Formación de docentes de enseñanza infantil;776
Ramón Llull;144 - Formación de docentes de enseñanza primaria;301
Ramón Llull;145 - Formación de docentes de enseñanza de temas especiales;88
Ramón Llull;146 - Formación de docentes de formación profesional;274
Ramón Llull;Total Artes y humanidades;570
Ramón Llull;211 - Bellas artes;..
Ramón Llull;212 - Música y artes del espectáculo;..
Ramón Llull;213 - Técnicas audiovisuales y medios de comunicación;411
Ramón Llull;214 - Diseño;101
Ramón Llull;220 - Humanidades;33
Ramón Llull;222 - Lenguas extranjeras;..
Ramón Llull;223 - Lenguas y dialectos españoles;..
Ramón Llull;225 - Historia y arqueología;..
Ramón Llull;226 - Filosofia y ética;25
Ramón Llull;Total Ciencias sociales, educación comercial y derecho;4.690
Ramón Llull;311 - Psicología;718
Ramón Llull;312 - Sociología, antropología y geografía social y cultural;..
Ramón Llull;313 - Ciencias políticas;..
Ramón Llull;314 - Economía;..
Ramón Llull;321 - Periodismo;484
Ramón Llull;322 - Biblioteconomía, documentación y archivos;..
Ramón Llull;342 - Marketing y publicidad;669
Ramón Llull;343 - Finanzas, banca y seguros;..
Ramón Llull;345 - Administración y gestión de empresas;2.312
Ramón Llull;380 - Derecho;507
Ramón Llull;Total Ciencias;647
Ramón Llull;421 - Biología y Bioquímica;..
Ramón Llull;422 - Ciencias del medio ambiente;..
Ramón Llull;442 - Química;127
Ramón Llull;443 - Geología y meteorología;..
Ramón Llull;462 - Estadística;..
Ramón Llull;480 - Informática;..
Ramón Llull;481 - Ciencias de la computación;520
Ramón Llull;Total Ingeniería, industria y construcción;2.802
Ramón Llull;520 - Ingeniería y profesiones afines;328
Ramón Llull;521 - Mecánica y metalurgia;..
Ramón Llull;522 - Electricidad y energía;..
Ramón Llull;523 - Electrónica y automática;1.010
Ramón Llull;524 - Procesos químicos;224
Ramón Llull;541 - Industria de la alimentación;..
Ramón Llull;581 - Arquitectura y urbanismo;1.240
Ramón Llull;582 - Construcción e ingeniería civil;..
Ramón Llull;Total Agricultura y veterinaria;..
Ramón Llull;621 - Producción agrícola y explotación ganadera;..
Ramón Llull;623 - Silvicultura;..
Ramón Llull;641 - Veterinaria;..
Ramón Llull;Total Salud y servicios sociales;1.643
Ramón Llull;721 - Medicina;..
Ramón Llull;723 - Enfermería y atención a enfermos;296
Ramón Llull;724 - Estudios dentales;..
Ramón Llull;725 - Tecnología de diagnóstico y tratamiento médico;..
Ramón Llull;726 - Terapia y rehabilitación;1.045
Ramón Llull;727 - Farmacia;..
Ramón Llull;762 - Trabajo social y orientación;302
Ramón Llull;Total Servicios;760
Ramón Llull;812 - Viajes, turismo y ocio;186
Ramón Llull;813 - Deportes;574
San Jorge;Total Ámbito;718
San Jorge;Total Educación;..
San Jorge;142 - Ciencias de la educación;..
San Jorge;143 - Formación de docentes de enseñanza infantil;..
San Jorge;144 - Formación de docentes de enseñanza primaria;..
San Jorge;145 - Formación de docentes de enseñanza de temas especiales;..
San Jorge;146 - Formación de docentes de formación profesional;..
San Jorge;Total Artes y humanidades;44
San Jorge;211 - Bellas artes;..
San Jorge;212 - Música y artes del espectáculo;..
San Jorge;213 - Técnicas audiovisuales y medios de comunicación;28
San Jorge;214 - Diseño;..
San Jorge;220 - Humanidades;..
San Jorge;222 - Lenguas extranjeras;16
San Jorge;223 - Lenguas y dialectos españoles;..
San Jorge;225 - Historia y arqueología;..
San Jorge;226 - Filosofia y ética;..
San Jorge;Total Ciencias sociales, educación comercial y derecho;571
San Jorge;311 - Psicología;..
San Jorge;312 - Sociología, antropología y geografía social y cultural;..
San Jorge;313 - Ciencias políticas;..
San Jorge;314 - Economía;..
San Jorge;321 - Periodismo;286
San Jorge;322 - Biblioteconomía, documentación y archivos;..
San Jorge;342 - Marketing y publicidad;285
San Jorge;343 - Finanzas, banca y seguros;..
San Jorge;345 - Administración y gestión de empresas;..
San Jorge;380 - Derecho;..
San Jorge;Total Ciencias;48
San Jorge;421 - Biología y Bioquímica;..
San Jorge;422 - Ciencias del medio ambiente;..
San Jorge;442 - Química;..
San Jorge;443 - Geología y meteorología;..
San Jorge;462 - Estadística;..
San Jorge;480 - Informática;..
San Jorge;481 - Ciencias de la computación;48
San Jorge;Total Ingeniería, industria y construcción;1
San Jorge;520 - Ingeniería y profesiones afines;..
San Jorge;521 - Mecánica y metalurgia;..
San Jorge;522 - Electricidad y energía;..
San Jorge;523 - Electrónica y automática;..
San Jorge;524 - Procesos químicos;..
San Jorge;541 - Industria de la alimentación;..
San Jorge;581 - Arquitectura y urbanismo;..
San Jorge;582 - Construcción e ingeniería civil;1
San Jorge;Total Agricultura y veterinaria;..
San Jorge;621 - Producción agrícola y explotación ganadera;..
San Jorge;623 - Silvicultura;..
San Jorge;641 - Veterinaria;..
San Jorge;Total Salud y servicios sociales;54
San Jorge;721 - Medicina;..
San Jorge;723 - Enfermería y atención a enfermos;..
San Jorge;724 - Estudios dentales;..
San Jorge;725 - Tecnología de diagnóstico y tratamiento médico;..
San Jorge;726 - Terapia y rehabilitación;..
San Jorge;727 - Farmacia;54
San Jorge;762 - Trabajo social y orientación;..
San Jorge;Total Servicios;..
San Jorge;812 - Viajes, turismo y ocio;..
San Jorge;813 - Deportes;..
San Pablo-CEU;Total Ámbito;8.145
San Pablo-CEU;Total Educación;..
San Pablo-CEU;142 - Ciencias de la educación;..
San Pablo-CEU;143 - Formación de docentes de enseñanza infantil;..
San Pablo-CEU;144 - Formación de docentes de enseñanza primaria;..
San Pablo-CEU;145 - Formación de docentes de enseñanza de temas especiales;..
San Pablo-CEU;146 - Formación de docentes de formación profesional;..
San Pablo-CEU;Total Artes y humanidades;462
San Pablo-CEU;211 - Bellas artes;..
San Pablo-CEU;212 - Música y artes del espectáculo;..
San Pablo-CEU;213 - Técnicas audiovisuales y medios de comunicación;399
San Pablo-CEU;214 - Diseño;..
San Pablo-CEU;220 - Humanidades;63
San Pablo-CEU;222 - Lenguas extranjeras;..
San Pablo-CEU;223 - Lenguas y dialectos españoles;..
San Pablo-CEU;225 - Historia y arqueología;..
San Pablo-CEU;226 - Filosofia y ética;..
San Pablo-CEU;Total Ciencias sociales, educación comercial y derecho;3.914
San Pablo-CEU;311 - Psicología;140
San Pablo-CEU;312 - Sociología, antropología y geografía social y cultural;..
San Pablo-CEU;313 - Ciencias políticas;17
San Pablo-CEU;314 - Economía;252
San Pablo-CEU;321 - Periodismo;499
San Pablo-CEU;322 - Biblioteconomía, documentación y archivos;..
San Pablo-CEU;342 - Marketing y publicidad;713
San Pablo-CEU;343 - Finanzas, banca y seguros;..
San Pablo-CEU;345 - Administración y gestión de empresas;1.440
San Pablo-CEU;380 - Derecho;853
San Pablo-CEU;Total Ciencias;202
San Pablo-CEU;421 - Biología y Bioquímica;..
San Pablo-CEU;422 - Ciencias del medio ambiente;42
San Pablo-CEU;442 - Química;2
San Pablo-CEU;443 - Geología y meteorología;..
San Pablo-CEU;462 - Estadística;..
San Pablo-CEU;480 - Informática;..
San Pablo-CEU;481 - Ciencias de la computación;158
San Pablo-CEU;Total Ingeniería, industria y construcción;1.426
San Pablo-CEU;520 - Ingeniería y profesiones afines;..
San Pablo-CEU;521 - Mecánica y metalurgia;..
San Pablo-CEU;522 - Electricidad y energía;..
San Pablo-CEU;523 - Electrónica y automática;118
San Pablo-CEU;524 - Procesos químicos;..
San Pablo-CEU;541 - Industria de la alimentación;16
San Pablo-CEU;581 - Arquitectura y urbanismo;1.292
San Pablo-CEU;582 - Construcción e ingeniería civil;..
San Pablo-CEU;Total Agricultura y veterinaria;..
San Pablo-CEU;621 - Producción agrícola y explotación ganadera;..
San Pablo-CEU;623 - Silvicultura;..
San Pablo-CEU;641 - Veterinaria;..
San Pablo-CEU;Total Salud y servicios sociales;2.060
San Pablo-CEU;721 - Medicina;323
San Pablo-CEU;723 - Enfermería y atención a enfermos;248
San Pablo-CEU;724 - Estudios dentales;238
San Pablo-CEU;725 - Tecnología de diagnóstico y tratamiento médico;137
San Pablo-CEU;726 - Terapia y rehabilitación;544
San Pablo-CEU;727 - Farmacia;570
San Pablo-CEU;762 - Trabajo social y orientación;..
San Pablo-CEU;Total Servicios;81
San Pablo-CEU;812 - Viajes, turismo y ocio;81
San Pablo-CEU;813 - Deportes;..
Vic-Central de Catalunya;Total Ámbito;4.690
Vic-Central de Catalunya;Total Educación;1.092
Vic-Central de Catalunya;142 - Ciencias de la educación;161
Vic-Central de Catalunya;143 - Formación de docentes de enseñanza infantil;388
Vic-Central de Catalunya;144 - Formación de docentes de enseñanza primaria;217
Vic-Central de Catalunya;145 - Formación de docentes de enseñanza de temas especiales;78
Vic-Central de Catalunya;146 - Formación de docentes de formación profesional;248
Vic-Central de Catalunya;Total Artes y humanidades;487
Vic-Central de Catalunya;211 - Bellas artes;..
Vic-Central de Catalunya;212 - Música y artes del espectáculo;..
Vic-Central de Catalunya;213 - Técnicas audiovisuales y medios de comunicación;237
Vic-Central de Catalunya;214 - Diseño;..
Vic-Central de Catalunya;220 - Humanidades;..
Vic-Central de Catalunya;222 - Lenguas extranjeras;250
Vic-Central de Catalunya;223 - Lenguas y dialectos españoles;..
Vic-Central de Catalunya;225 - Historia y arqueología;..
Vic-Central de Catalunya;226 - Filosofia y ética;..
Vic-Central de Catalunya;Total Ciencias sociales, educación comercial y derecho;1.140
Vic-Central de Catalunya;311 - Psicología;..
Vic-Central de Catalunya;312 - Sociología, antropología y geografía social y cultural;..
Vic-Central de Catalunya;313 - Ciencias políticas;..
Vic-Central de Catalunya;314 - Economía;..
Vic-Central de Catalunya;321 - Periodismo;202
Vic-Central de Catalunya;322 - Biblioteconomía, documentación y archivos;60
Vic-Central de Catalunya;342 - Marketing y publicidad;302
Vic-Central de Catalunya;343 - Finanzas, banca y seguros;..
Vic-Central de Catalunya;345 - Administración y gestión de empresas;576
Vic-Central de Catalunya;380 - Derecho;..
Vic-Central de Catalunya;Total Ciencias;170
Vic-Central de Catalunya;421 - Biología y Bioquímica;..
Vic-Central de Catalunya;422 - Ciencias del medio ambiente;103
Vic-Central de Catalunya;442 - Química;..
Vic-Central de Catalunya;443 - Geología y meteorología;..
Vic-Central de Catalunya;462 - Estadística;..
Vic-Central de Catalunya;480 - Informática;..
Vic-Central de Catalunya;481 - Ciencias de la computación;67
Vic-Central de Catalunya;Total Ingeniería, industria y construcción;481
Vic-Central de Catalunya;520 - Ingeniería y profesiones afines;..
Vic-Central de Catalunya;521 - Mecánica y metalurgia;..
Vic-Central de Catalunya;522 - Electricidad y energía;..
Vic-Central de Catalunya;523 - Electrónica y automática;100
Vic-Central de Catalunya;524 - Procesos químicos;290
Vic-Central de Catalunya;541 - Industria de la alimentación;91
Vic-Central de Catalunya;581 - Arquitectura y urbanismo;..
Vic-Central de Catalunya;582 - Construcción e ingeniería civil;..
Vic-Central de Catalunya;Total Agricultura y veterinaria;..
Vic-Central de Catalunya;621 - Producción agrícola y explotación ganadera;..
Vic-Central de Catalunya;623 - Silvicultura;..
Vic-Central de Catalunya;641 - Veterinaria;..
Vic-Central de Catalunya;Total Salud y servicios sociales;888
Vic-Central de Catalunya;721 - Medicina;..
Vic-Central de Catalunya;723 - Enfermería y atención a enfermos;315
Vic-Central de Catalunya;724 - Estudios dentales;..
Vic-Central de Catalunya;725 - Tecnología de diagnóstico y tratamiento médico;..
Vic-Central de Catalunya;726 - Terapia y rehabilitación;573
Vic-Central de Catalunya;727 - Farmacia;..
Vic-Central de Catalunya;762 - Trabajo social y orientación;..
Vic-Central de Catalunya;Total Servicios;432
Vic-Central de Catalunya;812 - Viajes, turismo y ocio;96
Vic-Central de Catalunya;813 - Deportes;336
Universidades Privadas No Presenciales;Total Ámbito;41.960
Universidades Privadas No Presenciales;Total Educación;1.761
Universidades Privadas No Presenciales;142 - Ciencias de la educación;1.761
Universidades Privadas No Presenciales;143 - Formación de docentes de enseñanza infantil;..
Universidades Privadas No Presenciales;144 - Formación de docentes de enseñanza primaria;..
Universidades Privadas No Presenciales;145 - Formación de docentes de enseñanza de temas especiales;..
Universidades Privadas No Presenciales;146 - Formación de docentes de formación profesional;..
Universidades Privadas No Presenciales;Total Artes y humanidades;4.044
Universidades Privadas No Presenciales;211 - Bellas artes;..
Universidades Privadas No Presenciales;212 - Música y artes del espectáculo;..
Universidades Privadas No Presenciales;213 - Técnicas audiovisuales y medios de comunicación;627
Universidades Privadas No Presenciales;214 - Diseño;..
Universidades Privadas No Presenciales;220 - Humanidades;2.792
Universidades Privadas No Presenciales;222 - Lenguas extranjeras;..
Universidades Privadas No Presenciales;223 - Lenguas y dialectos españoles;625
Universidades Privadas No Presenciales;225 - Historia y arqueología;..
Universidades Privadas No Presenciales;226 - Filosofia y ética;..
Universidades Privadas No Presenciales;Total Ciencias sociales, educación comercial y derecho;27.490
Universidades Privadas No Presenciales;311 - Psicología;5.665
Universidades Privadas No Presenciales;312 - Sociología, antropología y geografía social y cultural;728
Universidades Privadas No Presenciales;313 - Ciencias políticas;471
Universidades Privadas No Presenciales;314 - Economía;..
Universidades Privadas No Presenciales;321 - Periodismo;..
Universidades Privadas No Presenciales;322 - Biblioteconomía, documentación y archivos;814
Universidades Privadas No Presenciales;342 - Marketing y publicidad;2.036
Universidades Privadas No Presenciales;343 - Finanzas, banca y seguros;..
Universidades Privadas No Presenciales;345 - Administración y gestión de empresas;12.728
Universidades Privadas No Presenciales;380 - Derecho;5.048
Universidades Privadas No Presenciales;Total Ciencias;6.279
Universidades Privadas No Presenciales;421 - Biología y Bioquímica;..
Universidades Privadas No Presenciales;422 - Ciencias del medio ambiente;..
Universidades Privadas No Presenciales;442 - Química;..
Universidades Privadas No Presenciales;443 - Geología y meteorología;..
Universidades Privadas No Presenciales;462 - Estadística;..
Universidades Privadas No Presenciales;480 - Informática;..
Universidades Privadas No Presenciales;481 - Ciencias de la computación;6.279
Universidades Privadas No Presenciales;Total Ingeniería, industria y construcción;956
Universidades Privadas No Presenciales;520 - Ingeniería y profesiones afines;..
Universidades Privadas No Presenciales;521 - Mecánica y metalurgia;..
Universidades Privadas No Presenciales;522 - Electricidad y energía;..
Universidades Privadas No Presenciales;523 - Electrónica y automática;956
Universidades Privadas No Presenciales;524 - Procesos químicos;..
Universidades Privadas No Presenciales;541 - Industria de la alimentación;..
Universidades Privadas No Presenciales;581 - Arquitectura y urbanismo;..
Universidades Privadas No Presenciales;582 - Construcción e ingeniería civil;..
Universidades Privadas No Presenciales;Total Agricultura y veterinaria;..
Universidades Privadas No Presenciales;621 - Producción agrícola y explotación ganadera;..
Universidades Privadas No Presenciales;623 - Silvicultura;..
Universidades Privadas No Presenciales;641 - Veterinaria;..
Universidades Privadas No Presenciales;Total Salud y servicios sociales;..
Universidades Privadas No Presenciales;721 - Medicina;..
Universidades Privadas No Presenciales;723 - Enfermería y atención a enfermos;..
Universidades Privadas No Presenciales;724 - Estudios dentales;..
Universidades Privadas No Presenciales;725 - Tecnología de diagnóstico y tratamiento médico;..
Universidades Privadas No Presenciales;726 - Terapia y rehabilitación;..
Universidades Privadas No Presenciales;727 - Farmacia;..
Universidades Privadas No Presenciales;762 - Trabajo social y orientación;..
Universidades Privadas No Presenciales;Total Servicios;1.430
Universidades Privadas No Presenciales;812 - Viajes, turismo y ocio;1.430
Universidades Privadas No Presenciales;813 - Deportes;..
A Distancia de Madrid;Total Ámbito;417
A Distancia de Madrid;Total Educación;..
A Distancia de Madrid;142 - Ciencias de la educación;..
A Distancia de Madrid;143 - Formación de docentes de enseñanza infantil;..
A Distancia de Madrid;144 - Formación de docentes de enseñanza primaria;..
A Distancia de Madrid;145 - Formación de docentes de enseñanza de temas especiales;..
A Distancia de Madrid;146 - Formación de docentes de formación profesional;..
A Distancia de Madrid;Total Artes y humanidades;..
A Distancia de Madrid;211 - Bellas artes;..
A Distancia de Madrid;212 - Música y artes del espectáculo;..
A Distancia de Madrid;213 - Técnicas audiovisuales y medios de comunicación;..
A Distancia de Madrid;214 - Diseño;..
A Distancia de Madrid;220 - Humanidades;..
A Distancia de Madrid;222 - Lenguas extranjeras;..
A Distancia de Madrid;223 - Lenguas y dialectos españoles;..
A Distancia de Madrid;225 - Historia y arqueología;..
A Distancia de Madrid;226 - Filosofia y ética;..
A Distancia de Madrid;Total Ciencias sociales, educación comercial y derecho;400
A Distancia de Madrid;311 - Psicología;66
A Distancia de Madrid;312 - Sociología, antropología y geografía social y cultural;..
A Distancia de Madrid;313 - Ciencias políticas;..
A Distancia de Madrid;314 - Economía;..
A Distancia de Madrid;321 - Periodismo;..
A Distancia de Madrid;322 - Biblioteconomía, documentación y archivos;..
A Distancia de Madrid;342 - Marketing y publicidad;..
A Distancia de Madrid;343 - Finanzas, banca y seguros;..
A Distancia de Madrid;345 - Administración y gestión de empresas;191
A Distancia de Madrid;380 - Derecho;143
A Distancia de Madrid;Total Ciencias;..
A Distancia de Madrid;421 - Biología y Bioquímica;..
A Distancia de Madrid;422 - Ciencias del medio ambiente;..
A Distancia de Madrid;442 - Química;..
A Distancia de Madrid;443 - Geología y meteorología;..
A Distancia de Madrid;462 - Estadística;..
A Distancia de Madrid;480 - Informática;..
A Distancia de Madrid;481 - Ciencias de la computación;..
A Distancia de Madrid;Total Ingeniería, industria y construcción;..
A Distancia de Madrid;520 - Ingeniería y profesiones afines;..
A Distancia de Madrid;521 - Mecánica y metalurgia;..
A Distancia de Madrid;522 - Electricidad y energía;..
A Distancia de Madrid;523 - Electrónica y automática;..
A Distancia de Madrid;524 - Procesos químicos;..
A Distancia de Madrid;541 - Industria de la alimentación;..
A Distancia de Madrid;581 - Arquitectura y urbanismo;..
A Distancia de Madrid;582 - Construcción e ingeniería civil;..
A Distancia de Madrid;Total Agricultura y veterinaria;..
A Distancia de Madrid;621 - Producción agrícola y explotación ganadera;..
A Distancia de Madrid;623 - Silvicultura;..
A Distancia de Madrid;641 - Veterinaria;..
A Distancia de Madrid;Total Salud y servicios sociales;..
A Distancia de Madrid;721 - Medicina;..
A Distancia de Madrid;723 - Enfermería y atención a enfermos;..
A Distancia de Madrid;724 - Estudios dentales;..
A Distancia de Madrid;725 - Tecnología de diagnóstico y tratamiento médico;..
A Distancia de Madrid;726 - Terapia y rehabilitación;..
A Distancia de Madrid;727 - Farmacia;..
A Distancia de Madrid;762 - Trabajo social y orientación;..
A Distancia de Madrid;Total Servicios;17
A Distancia de Madrid;812 - Viajes, turismo y ocio;17
A Distancia de Madrid;813 - Deportes;..
Oberta de Catalunya;Total Ámbito;41.543
Oberta de Catalunya;Total Educación;1.761
Oberta de Catalunya;142 - Ciencias de la educación;1.761
Oberta de Catalunya;143 - Formación de docentes de enseñanza infantil;..
Oberta de Catalunya;144 - Formación de docentes de enseñanza primaria;..
Oberta de Catalunya;145 - Formación de docentes de enseñanza de temas especiales;..
Oberta de Catalunya;146 - Formación de docentes de formación profesional;..
Oberta de Catalunya;Total Artes y humanidades;4.044
Oberta de Catalunya;211 - Bellas artes;..
Oberta de Catalunya;212 - Música y artes del espectáculo;..
Oberta de Catalunya;213 - Técnicas audiovisuales y medios de comunicación;627
Oberta de Catalunya;214 - Diseño;..
Oberta de Catalunya;220 - Humanidades;2.792
Oberta de Catalunya;222 - Lenguas extranjeras;..
Oberta de Catalunya;223 - Lenguas y dialectos españoles;625
Oberta de Catalunya;225 - Historia y arqueología;..
Oberta de Catalunya;226 - Filosofia y ética;..
Oberta de Catalunya;Total Ciencias sociales, educación comercial y derecho;27.090
Oberta de Catalunya;311 - Psicología;5.599
Oberta de Catalunya;312 - Sociología, antropología y geografía social y cultural;728
Oberta de Catalunya;313 - Ciencias políticas;471
Oberta de Catalunya;314 - Economía;..
Oberta de Catalunya;321 - Periodismo;..
Oberta de Catalunya;322 - Biblioteconomía, documentación y archivos;814
Oberta de Catalunya;342 - Marketing y publicidad;2.036
Oberta de Catalunya;343 - Finanzas, banca y seguros;..
Oberta de Catalunya;345 - Administración y gestión de empresas;12.537
Oberta de Catalunya;380 - Derecho;4.905
Oberta de Catalunya;Total Ciencias;6.279
Oberta de Catalunya;421 - Biología y Bioquímica;..
Oberta de Catalunya;422 - Ciencias del medio ambiente;..
Oberta de Catalunya;442 - Química;..
Oberta de Catalunya;443 - Geología y meteorología;..
Oberta de Catalunya;462 - Estadística;..
Oberta de Catalunya;480 - Informática;..
Oberta de Catalunya;481 - Ciencias de la computación;6.279
Oberta de Catalunya;Total Ingeniería, industria y construcción;956
Oberta de Catalunya;520 - Ingeniería y profesiones afines;..
Oberta de Catalunya;521 - Mecánica y metalurgia;..
Oberta de Catalunya;522 - Electricidad y energía;..
Oberta de Catalunya;523 - Electrónica y automática;956
Oberta de Catalunya;524 - Procesos químicos;..
Oberta de Catalunya;541 - Industria de la alimentación;..
Oberta de Catalunya;581 - Arquitectura y urbanismo;..
Oberta de Catalunya;582 - Construcción e ingeniería civil;..
Oberta de Catalunya;Total Agricultura y veterinaria;..
Oberta de Catalunya;621 - Producción agrícola y explotación ganadera;..
Oberta de Catalunya;623 - Silvicultura;..
Oberta de Catalunya;641 - Veterinaria;..
Oberta de Catalunya;Total Salud y servicios sociales;..
Oberta de Catalunya;721 - Medicina;..
Oberta de Catalunya;723 - Enfermería y atención a enfermos;..
Oberta de Catalunya;724 - Estudios dentales;..
Oberta de Catalunya;725 - Tecnología de diagnóstico y tratamiento médico;..
Oberta de Catalunya;726 - Terapia y rehabilitación;..
Oberta de Catalunya;727 - Farmacia;..
Oberta de Catalunya;762 - Trabajo social y orientación;..
Oberta de Catalunya;Total Servicios;1.413
Oberta de Catalunya;812 - Viajes, turismo y ocio;1.413
Oberta de Catalunya;813 - Deportes;..
