Nivel y Ciclo;Rama de la enseñanza;Tipo de universidad;Tipo de centro;Sexo;Total
Total Grado y 1º y 2º Ciclo;Total Ramas;Total Universidades;Total Centros;Ambos Sexos;1.364.023
Total Grado y 1º y 2º Ciclo;Total Ramas;Total Universidades;Total Centros;Mujeres;739.088
Total Grado y 1º y 2º Ciclo;Total Ramas;Total Universidades;Total Centros;Hombres;624.935
Total Grado y 1º y 2º Ciclo;Total Ramas;Total Universidades;Centros propios;Ambos Sexos;1.300.133
Total Grado y 1º y 2º Ciclo;Total Ramas;Total Universidades;Centros propios;Mujeres;702.606
Total Grado y 1º y 2º Ciclo;Total Ramas;Total Universidades;Centros propios;Hombres;597.527
Total Grado y 1º y 2º Ciclo;Total Ramas;Total Universidades;Centros adscritos;Ambos Sexos;63.890
Total Grado y 1º y 2º Ciclo;Total Ramas;Total Universidades;Centros adscritos;Mujeres;36.482
Total Grado y 1º y 2º Ciclo;Total Ramas;Total Universidades;Centros adscritos;Hombres;27.408
Total Grado y 1º y 2º Ciclo;Total Ramas;Universidades públicas;Total Centros;Ambos Sexos;1.187.976
Total Grado y 1º y 2º Ciclo;Total Ramas;Universidades públicas;Total Centros;Mujeres;641.865
Total Grado y 1º y 2º Ciclo;Total Ramas;Universidades públicas;Total Centros;Hombres;546.111
Total Grado y 1º y 2º Ciclo;Total Ramas;Universidades públicas;Centros propios;Ambos Sexos;1.129.770
Total Grado y 1º y 2º Ciclo;Total Ramas;Universidades públicas;Centros propios;Mujeres;608.538
Total Grado y 1º y 2º Ciclo;Total Ramas;Universidades públicas;Centros propios;Hombres;521.232
Total Grado y 1º y 2º Ciclo;Total Ramas;Universidades públicas;Centros adscritos;Ambos Sexos;58.206
Total Grado y 1º y 2º Ciclo;Total Ramas;Universidades públicas;Centros adscritos;Mujeres;33.327
Total Grado y 1º y 2º Ciclo;Total Ramas;Universidades públicas;Centros adscritos;Hombres;24.879
Total Grado y 1º y 2º Ciclo;Total Ramas;Universidades privadas;Total Centros;Ambos Sexos;176.047
Total Grado y 1º y 2º Ciclo;Total Ramas;Universidades privadas;Total Centros;Mujeres;97.223
Total Grado y 1º y 2º Ciclo;Total Ramas;Universidades privadas;Total Centros;Hombres;78.824
Total Grado y 1º y 2º Ciclo;Total Ramas;Universidades privadas;Centros propios;Ambos Sexos;170.363
Total Grado y 1º y 2º Ciclo;Total Ramas;Universidades privadas;Centros propios;Mujeres;94.068
Total Grado y 1º y 2º Ciclo;Total Ramas;Universidades privadas;Centros propios;Hombres;76.295
Total Grado y 1º y 2º Ciclo;Total Ramas;Universidades privadas;Centros adscritos;Ambos Sexos;5.684
Total Grado y 1º y 2º Ciclo;Total Ramas;Universidades privadas;Centros adscritos;Mujeres;3.155
Total Grado y 1º y 2º Ciclo;Total Ramas;Universidades privadas;Centros adscritos;Hombres;2.529
Total Grado y 1º y 2º Ciclo;Ciencias Sociales y Jurídicas;Total Universidades;Total Centros;Ambos Sexos;633.668
Total Grado y 1º y 2º Ciclo;Ciencias Sociales y Jurídicas;Total Universidades;Total Centros;Mujeres;381.064
Total Grado y 1º y 2º Ciclo;Ciencias Sociales y Jurídicas;Total Universidades;Total Centros;Hombres;252.604
Total Grado y 1º y 2º Ciclo;Ciencias Sociales y Jurídicas;Total Universidades;Centros propios;Ambos Sexos;600.709
Total Grado y 1º y 2º Ciclo;Ciencias Sociales y Jurídicas;Total Universidades;Centros propios;Mujeres;360.825
Total Grado y 1º y 2º Ciclo;Ciencias Sociales y Jurídicas;Total Universidades;Centros propios;Hombres;239.884
Total Grado y 1º y 2º Ciclo;Ciencias Sociales y Jurídicas;Total Universidades;Centros adscritos;Ambos Sexos;32.959
Total Grado y 1º y 2º Ciclo;Ciencias Sociales y Jurídicas;Total Universidades;Centros adscritos;Mujeres;20.239
Total Grado y 1º y 2º Ciclo;Ciencias Sociales y Jurídicas;Total Universidades;Centros adscritos;Hombres;12.720
Total Grado y 1º y 2º Ciclo;Ciencias Sociales y Jurídicas;Universidades públicas;Total Centros;Ambos Sexos;535.278
Total Grado y 1º y 2º Ciclo;Ciencias Sociales y Jurídicas;Universidades públicas;Total Centros;Mujeres;323.737
Total Grado y 1º y 2º Ciclo;Ciencias Sociales y Jurídicas;Universidades públicas;Total Centros;Hombres;211.541
Total Grado y 1º y 2º Ciclo;Ciencias Sociales y Jurídicas;Universidades públicas;Centros propios;Ambos Sexos;504.411
Total Grado y 1º y 2º Ciclo;Ciencias Sociales y Jurídicas;Universidades públicas;Centros propios;Mujeres;304.593
Total Grado y 1º y 2º Ciclo;Ciencias Sociales y Jurídicas;Universidades públicas;Centros propios;Hombres;199.818
Total Grado y 1º y 2º Ciclo;Ciencias Sociales y Jurídicas;Universidades públicas;Centros adscritos;Ambos Sexos;30.867
Total Grado y 1º y 2º Ciclo;Ciencias Sociales y Jurídicas;Universidades públicas;Centros adscritos;Mujeres;19.144
Total Grado y 1º y 2º Ciclo;Ciencias Sociales y Jurídicas;Universidades públicas;Centros adscritos;Hombres;11.723
Total Grado y 1º y 2º Ciclo;Ciencias Sociales y Jurídicas;Universidades privadas;Total Centros;Ambos Sexos;98.390
Total Grado y 1º y 2º Ciclo;Ciencias Sociales y Jurídicas;Universidades privadas;Total Centros;Mujeres;57.327
Total Grado y 1º y 2º Ciclo;Ciencias Sociales y Jurídicas;Universidades privadas;Total Centros;Hombres;41.063
Total Grado y 1º y 2º Ciclo;Ciencias Sociales y Jurídicas;Universidades privadas;Centros propios;Ambos Sexos;96.298
Total Grado y 1º y 2º Ciclo;Ciencias Sociales y Jurídicas;Universidades privadas;Centros propios;Mujeres;56.232
Total Grado y 1º y 2º Ciclo;Ciencias Sociales y Jurídicas;Universidades privadas;Centros propios;Hombres;40.066
Total Grado y 1º y 2º Ciclo;Ciencias Sociales y Jurídicas;Universidades privadas;Centros adscritos;Ambos Sexos;2.092
Total Grado y 1º y 2º Ciclo;Ciencias Sociales y Jurídicas;Universidades privadas;Centros adscritos;Mujeres;1.095
Total Grado y 1º y 2º Ciclo;Ciencias Sociales y Jurídicas;Universidades privadas;Centros adscritos;Hombres;997
Total Grado y 1º y 2º Ciclo;Ingeniería y Arquitectura;Total Universidades;Total Centros;Ambos Sexos;281.818
Total Grado y 1º y 2º Ciclo;Ingeniería y Arquitectura;Total Universidades;Total Centros;Mujeres;72.254
Total Grado y 1º y 2º Ciclo;Ingeniería y Arquitectura;Total Universidades;Total Centros;Hombres;209.564
Total Grado y 1º y 2º Ciclo;Ingeniería y Arquitectura;Total Universidades;Centros propios;Ambos Sexos;272.830
Total Grado y 1º y 2º Ciclo;Ingeniería y Arquitectura;Total Universidades;Centros propios;Mujeres;70.466
Total Grado y 1º y 2º Ciclo;Ingeniería y Arquitectura;Total Universidades;Centros propios;Hombres;202.364
Total Grado y 1º y 2º Ciclo;Ingeniería y Arquitectura;Total Universidades;Centros adscritos;Ambos Sexos;8.988
Total Grado y 1º y 2º Ciclo;Ingeniería y Arquitectura;Total Universidades;Centros adscritos;Mujeres;1.788
Total Grado y 1º y 2º Ciclo;Ingeniería y Arquitectura;Total Universidades;Centros adscritos;Hombres;7.200
Total Grado y 1º y 2º Ciclo;Ingeniería y Arquitectura;Universidades públicas;Total Centros;Ambos Sexos;260.991
Total Grado y 1º y 2º Ciclo;Ingeniería y Arquitectura;Universidades públicas;Total Centros;Mujeres;67.298
Total Grado y 1º y 2º Ciclo;Ingeniería y Arquitectura;Universidades públicas;Total Centros;Hombres;193.693
Total Grado y 1º y 2º Ciclo;Ingeniería y Arquitectura;Universidades públicas;Centros propios;Ambos Sexos;252.120
Total Grado y 1º y 2º Ciclo;Ingeniería y Arquitectura;Universidades públicas;Centros propios;Mujeres;65.529
Total Grado y 1º y 2º Ciclo;Ingeniería y Arquitectura;Universidades públicas;Centros propios;Hombres;186.591
Total Grado y 1º y 2º Ciclo;Ingeniería y Arquitectura;Universidades públicas;Centros adscritos;Ambos Sexos;8.871
Total Grado y 1º y 2º Ciclo;Ingeniería y Arquitectura;Universidades públicas;Centros adscritos;Mujeres;1.769
Total Grado y 1º y 2º Ciclo;Ingeniería y Arquitectura;Universidades públicas;Centros adscritos;Hombres;7.102
Total Grado y 1º y 2º Ciclo;Ingeniería y Arquitectura;Universidades privadas;Total Centros;Ambos Sexos;20.827
Total Grado y 1º y 2º Ciclo;Ingeniería y Arquitectura;Universidades privadas;Total Centros;Mujeres;4.956
Total Grado y 1º y 2º Ciclo;Ingeniería y Arquitectura;Universidades privadas;Total Centros;Hombres;15.871
Total Grado y 1º y 2º Ciclo;Ingeniería y Arquitectura;Universidades privadas;Centros propios;Ambos Sexos;20.710
Total Grado y 1º y 2º Ciclo;Ingeniería y Arquitectura;Universidades privadas;Centros propios;Mujeres;4.937
Total Grado y 1º y 2º Ciclo;Ingeniería y Arquitectura;Universidades privadas;Centros propios;Hombres;15.773
Total Grado y 1º y 2º Ciclo;Ingeniería y Arquitectura;Universidades privadas;Centros adscritos;Ambos Sexos;117
Total Grado y 1º y 2º Ciclo;Ingeniería y Arquitectura;Universidades privadas;Centros adscritos;Mujeres;19
Total Grado y 1º y 2º Ciclo;Ingeniería y Arquitectura;Universidades privadas;Centros adscritos;Hombres;98
Total Grado y 1º y 2º Ciclo;Artes y Humanidades;Total Universidades;Total Centros;Ambos Sexos;132.436
Total Grado y 1º y 2º Ciclo;Artes y Humanidades;Total Universidades;Total Centros;Mujeres;80.980
Total Grado y 1º y 2º Ciclo;Artes y Humanidades;Total Universidades;Total Centros;Hombres;51.456
Total Grado y 1º y 2º Ciclo;Artes y Humanidades;Total Universidades;Centros propios;Ambos Sexos;128.123
Total Grado y 1º y 2º Ciclo;Artes y Humanidades;Total Universidades;Centros propios;Mujeres;78.390
Total Grado y 1º y 2º Ciclo;Artes y Humanidades;Total Universidades;Centros propios;Hombres;49.733
Total Grado y 1º y 2º Ciclo;Artes y Humanidades;Total Universidades;Centros adscritos;Ambos Sexos;4.313
Total Grado y 1º y 2º Ciclo;Artes y Humanidades;Total Universidades;Centros adscritos;Mujeres;2.590
Total Grado y 1º y 2º Ciclo;Artes y Humanidades;Total Universidades;Centros adscritos;Hombres;1.723
Total Grado y 1º y 2º Ciclo;Artes y Humanidades;Universidades públicas;Total Centros;Ambos Sexos;125.212
Total Grado y 1º y 2º Ciclo;Artes y Humanidades;Universidades públicas;Total Centros;Mujeres;76.812
Total Grado y 1º y 2º Ciclo;Artes y Humanidades;Universidades públicas;Total Centros;Hombres;48.400
Total Grado y 1º y 2º Ciclo;Artes y Humanidades;Universidades públicas;Centros propios;Ambos Sexos;123.126
Total Grado y 1º y 2º Ciclo;Artes y Humanidades;Universidades públicas;Centros propios;Mujeres;75.489
Total Grado y 1º y 2º Ciclo;Artes y Humanidades;Universidades públicas;Centros propios;Hombres;47.637
Total Grado y 1º y 2º Ciclo;Artes y Humanidades;Universidades públicas;Centros adscritos;Ambos Sexos;2.086
Total Grado y 1º y 2º Ciclo;Artes y Humanidades;Universidades públicas;Centros adscritos;Mujeres;1.323
Total Grado y 1º y 2º Ciclo;Artes y Humanidades;Universidades públicas;Centros adscritos;Hombres;763
Total Grado y 1º y 2º Ciclo;Artes y Humanidades;Universidades privadas;Total Centros;Ambos Sexos;7.224
Total Grado y 1º y 2º Ciclo;Artes y Humanidades;Universidades privadas;Total Centros;Mujeres;4.168
Total Grado y 1º y 2º Ciclo;Artes y Humanidades;Universidades privadas;Total Centros;Hombres;3.056
Total Grado y 1º y 2º Ciclo;Artes y Humanidades;Universidades privadas;Centros propios;Ambos Sexos;4.997
Total Grado y 1º y 2º Ciclo;Artes y Humanidades;Universidades privadas;Centros propios;Mujeres;2.901
Total Grado y 1º y 2º Ciclo;Artes y Humanidades;Universidades privadas;Centros propios;Hombres;2.096
Total Grado y 1º y 2º Ciclo;Artes y Humanidades;Universidades privadas;Centros adscritos;Ambos Sexos;2.227
Total Grado y 1º y 2º Ciclo;Artes y Humanidades;Universidades privadas;Centros adscritos;Mujeres;1.267
Total Grado y 1º y 2º Ciclo;Artes y Humanidades;Universidades privadas;Centros adscritos;Hombres;960
Total Grado y 1º y 2º Ciclo;Ciencias de la Salud;Total Universidades;Total Centros;Ambos Sexos;235.953
Total Grado y 1º y 2º Ciclo;Ciencias de la Salud;Total Universidades;Total Centros;Mujeres;163.687
Total Grado y 1º y 2º Ciclo;Ciencias de la Salud;Total Universidades;Total Centros;Hombres;72.266
Total Grado y 1º y 2º Ciclo;Ciencias de la Salud;Total Universidades;Centros propios;Ambos Sexos;218.323
Total Grado y 1º y 2º Ciclo;Ciencias de la Salud;Total Universidades;Centros propios;Mujeres;151.822
Total Grado y 1º y 2º Ciclo;Ciencias de la Salud;Total Universidades;Centros propios;Hombres;66.501
Total Grado y 1º y 2º Ciclo;Ciencias de la Salud;Total Universidades;Centros adscritos;Ambos Sexos;17.630
Total Grado y 1º y 2º Ciclo;Ciencias de la Salud;Total Universidades;Centros adscritos;Mujeres;11.865
Total Grado y 1º y 2º Ciclo;Ciencias de la Salud;Total Universidades;Centros adscritos;Hombres;5.765
Total Grado y 1º y 2º Ciclo;Ciencias de la Salud;Universidades públicas;Total Centros;Ambos Sexos;188.394
Total Grado y 1º y 2º Ciclo;Ciencias de la Salud;Universidades públicas;Total Centros;Mujeres;134.093
Total Grado y 1º y 2º Ciclo;Ciencias de la Salud;Universidades públicas;Total Centros;Hombres;54.301
Total Grado y 1º y 2º Ciclo;Ciencias de la Salud;Universidades públicas;Centros propios;Ambos Sexos;172.012
Total Grado y 1º y 2º Ciclo;Ciencias de la Salud;Universidades públicas;Centros propios;Mujeres;123.002
Total Grado y 1º y 2º Ciclo;Ciencias de la Salud;Universidades públicas;Centros propios;Hombres;49.010
Total Grado y 1º y 2º Ciclo;Ciencias de la Salud;Universidades públicas;Centros adscritos;Ambos Sexos;16.382
Total Grado y 1º y 2º Ciclo;Ciencias de la Salud;Universidades públicas;Centros adscritos;Mujeres;11.091
Total Grado y 1º y 2º Ciclo;Ciencias de la Salud;Universidades públicas;Centros adscritos;Hombres;5.291
Total Grado y 1º y 2º Ciclo;Ciencias de la Salud;Universidades privadas;Total Centros;Ambos Sexos;47.559
Total Grado y 1º y 2º Ciclo;Ciencias de la Salud;Universidades privadas;Total Centros;Mujeres;29.594
Total Grado y 1º y 2º Ciclo;Ciencias de la Salud;Universidades privadas;Total Centros;Hombres;17.965
Total Grado y 1º y 2º Ciclo;Ciencias de la Salud;Universidades privadas;Centros propios;Ambos Sexos;46.311
Total Grado y 1º y 2º Ciclo;Ciencias de la Salud;Universidades privadas;Centros propios;Mujeres;28.820
Total Grado y 1º y 2º Ciclo;Ciencias de la Salud;Universidades privadas;Centros propios;Hombres;17.491
Total Grado y 1º y 2º Ciclo;Ciencias de la Salud;Universidades privadas;Centros adscritos;Ambos Sexos;1.248
Total Grado y 1º y 2º Ciclo;Ciencias de la Salud;Universidades privadas;Centros adscritos;Mujeres;774
Total Grado y 1º y 2º Ciclo;Ciencias de la Salud;Universidades privadas;Centros adscritos;Hombres;474
Total Grado y 1º y 2º Ciclo;Ciencias;Total Universidades;Total Centros;Ambos Sexos;80.148
Total Grado y 1º y 2º Ciclo;Ciencias;Total Universidades;Total Centros;Mujeres;41.103
Total Grado y 1º y 2º Ciclo;Ciencias;Total Universidades;Total Centros;Hombres;39.045
Total Grado y 1º y 2º Ciclo;Ciencias;Total Universidades;Centros propios;Ambos Sexos;80.148
Total Grado y 1º y 2º Ciclo;Ciencias;Total Universidades;Centros propios;Mujeres;41.103
Total Grado y 1º y 2º Ciclo;Ciencias;Total Universidades;Centros propios;Hombres;39.045
Total Grado y 1º y 2º Ciclo;Ciencias;Total Universidades;Centros adscritos;Ambos Sexos;..
Total Grado y 1º y 2º Ciclo;Ciencias;Total Universidades;Centros adscritos;Mujeres;..
Total Grado y 1º y 2º Ciclo;Ciencias;Total Universidades;Centros adscritos;Hombres;..
Total Grado y 1º y 2º Ciclo;Ciencias;Universidades públicas;Total Centros;Ambos Sexos;78.101
Total Grado y 1º y 2º Ciclo;Ciencias;Universidades públicas;Total Centros;Mujeres;39.925
Total Grado y 1º y 2º Ciclo;Ciencias;Universidades públicas;Total Centros;Hombres;38.176
Total Grado y 1º y 2º Ciclo;Ciencias;Universidades públicas;Centros propios;Ambos Sexos;78.101
Total Grado y 1º y 2º Ciclo;Ciencias;Universidades públicas;Centros propios;Mujeres;39.925
Total Grado y 1º y 2º Ciclo;Ciencias;Universidades públicas;Centros propios;Hombres;38.176
Total Grado y 1º y 2º Ciclo;Ciencias;Universidades públicas;Centros adscritos;Ambos Sexos;..
Total Grado y 1º y 2º Ciclo;Ciencias;Universidades públicas;Centros adscritos;Mujeres;..
Total Grado y 1º y 2º Ciclo;Ciencias;Universidades públicas;Centros adscritos;Hombres;..
Total Grado y 1º y 2º Ciclo;Ciencias;Universidades privadas;Total Centros;Ambos Sexos;2.047
Total Grado y 1º y 2º Ciclo;Ciencias;Universidades privadas;Total Centros;Mujeres;1.178
Total Grado y 1º y 2º Ciclo;Ciencias;Universidades privadas;Total Centros;Hombres;869
Total Grado y 1º y 2º Ciclo;Ciencias;Universidades privadas;Centros propios;Ambos Sexos;2.047
Total Grado y 1º y 2º Ciclo;Ciencias;Universidades privadas;Centros propios;Mujeres;1.178
Total Grado y 1º y 2º Ciclo;Ciencias;Universidades privadas;Centros propios;Hombres;869
Total Grado y 1º y 2º Ciclo;Ciencias;Universidades privadas;Centros adscritos;Ambos Sexos;..
Total Grado y 1º y 2º Ciclo;Ciencias;Universidades privadas;Centros adscritos;Mujeres;..
Total Grado y 1º y 2º Ciclo;Ciencias;Universidades privadas;Centros adscritos;Hombres;..
Matrícula de Grado;Total Ramas;Total Universidades;Total Centros;Ambos Sexos;1.250.822
Matrícula de Grado;Total Ramas;Total Universidades;Total Centros;Mujeres;686.555
Matrícula de Grado;Total Ramas;Total Universidades;Total Centros;Hombres;564.267
Matrícula de Grado;Total Ramas;Total Universidades;Centros propios;Ambos Sexos;1.188.137
Matrícula de Grado;Total Ramas;Total Universidades;Centros propios;Mujeres;650.627
Matrícula de Grado;Total Ramas;Total Universidades;Centros propios;Hombres;537.510
Matrícula de Grado;Total Ramas;Total Universidades;Centros adscritos;Ambos Sexos;62.685
Matrícula de Grado;Total Ramas;Total Universidades;Centros adscritos;Mujeres;35.928
Matrícula de Grado;Total Ramas;Total Universidades;Centros adscritos;Hombres;26.757
Matrícula de Grado;Total Ramas;Universidades públicas;Total Centros;Ambos Sexos;1.085.482
Matrícula de Grado;Total Ramas;Universidades públicas;Total Centros;Mujeres;594.298
Matrícula de Grado;Total Ramas;Universidades públicas;Total Centros;Hombres;491.184
Matrícula de Grado;Total Ramas;Universidades públicas;Centros propios;Ambos Sexos;1.028.481
Matrícula de Grado;Total Ramas;Universidades públicas;Centros propios;Mujeres;561.525
Matrícula de Grado;Total Ramas;Universidades públicas;Centros propios;Hombres;466.956
Matrícula de Grado;Total Ramas;Universidades públicas;Centros adscritos;Ambos Sexos;57.001
Matrícula de Grado;Total Ramas;Universidades públicas;Centros adscritos;Mujeres;32.773
Matrícula de Grado;Total Ramas;Universidades públicas;Centros adscritos;Hombres;24.228
Matrícula de Grado;Total Ramas;Universidades privadas;Total Centros;Ambos Sexos;165.340
Matrícula de Grado;Total Ramas;Universidades privadas;Total Centros;Mujeres;92.257
Matrícula de Grado;Total Ramas;Universidades privadas;Total Centros;Hombres;73.083
Matrícula de Grado;Total Ramas;Universidades privadas;Centros propios;Ambos Sexos;159.656
Matrícula de Grado;Total Ramas;Universidades privadas;Centros propios;Mujeres;89.102
Matrícula de Grado;Total Ramas;Universidades privadas;Centros propios;Hombres;70.554
Matrícula de Grado;Total Ramas;Universidades privadas;Centros adscritos;Ambos Sexos;5.684
Matrícula de Grado;Total Ramas;Universidades privadas;Centros adscritos;Mujeres;3.155
Matrícula de Grado;Total Ramas;Universidades privadas;Centros adscritos;Hombres;2.529
Matrícula de Grado;Ciencias Sociales y Jurídicas;Total Universidades;Total Centros;Ambos Sexos;589.571
Matrícula de Grado;Ciencias Sociales y Jurídicas;Total Universidades;Total Centros;Mujeres;355.553
Matrícula de Grado;Ciencias Sociales y Jurídicas;Total Universidades;Total Centros;Hombres;234.018
Matrícula de Grado;Ciencias Sociales y Jurídicas;Total Universidades;Centros propios;Ambos Sexos;557.431
Matrícula de Grado;Ciencias Sociales y Jurídicas;Total Universidades;Centros propios;Mujeres;335.757
Matrícula de Grado;Ciencias Sociales y Jurídicas;Total Universidades;Centros propios;Hombres;221.674
Matrícula de Grado;Ciencias Sociales y Jurídicas;Total Universidades;Centros adscritos;Ambos Sexos;32.140
Matrícula de Grado;Ciencias Sociales y Jurídicas;Total Universidades;Centros adscritos;Mujeres;19.796
Matrícula de Grado;Ciencias Sociales y Jurídicas;Total Universidades;Centros adscritos;Hombres;12.344
Matrícula de Grado;Ciencias Sociales y Jurídicas;Universidades públicas;Total Centros;Ambos Sexos;497.648
Matrícula de Grado;Ciencias Sociales y Jurídicas;Universidades públicas;Total Centros;Mujeres;301.741
Matrícula de Grado;Ciencias Sociales y Jurídicas;Universidades públicas;Total Centros;Hombres;195.907
Matrícula de Grado;Ciencias Sociales y Jurídicas;Universidades públicas;Centros propios;Ambos Sexos;467.600
Matrícula de Grado;Ciencias Sociales y Jurídicas;Universidades públicas;Centros propios;Mujeres;283.040
Matrícula de Grado;Ciencias Sociales y Jurídicas;Universidades públicas;Centros propios;Hombres;184.560
Matrícula de Grado;Ciencias Sociales y Jurídicas;Universidades públicas;Centros adscritos;Ambos Sexos;30.048
Matrícula de Grado;Ciencias Sociales y Jurídicas;Universidades públicas;Centros adscritos;Mujeres;18.701
Matrícula de Grado;Ciencias Sociales y Jurídicas;Universidades públicas;Centros adscritos;Hombres;11.347
Matrícula de Grado;Ciencias Sociales y Jurídicas;Universidades privadas;Total Centros;Ambos Sexos;91.923
Matrícula de Grado;Ciencias Sociales y Jurídicas;Universidades privadas;Total Centros;Mujeres;53.812
Matrícula de Grado;Ciencias Sociales y Jurídicas;Universidades privadas;Total Centros;Hombres;38.111
Matrícula de Grado;Ciencias Sociales y Jurídicas;Universidades privadas;Centros propios;Ambos Sexos;89.831
Matrícula de Grado;Ciencias Sociales y Jurídicas;Universidades privadas;Centros propios;Mujeres;52.717
Matrícula de Grado;Ciencias Sociales y Jurídicas;Universidades privadas;Centros propios;Hombres;37.114
Matrícula de Grado;Ciencias Sociales y Jurídicas;Universidades privadas;Centros adscritos;Ambos Sexos;2.092
Matrícula de Grado;Ciencias Sociales y Jurídicas;Universidades privadas;Centros adscritos;Mujeres;1.095
Matrícula de Grado;Ciencias Sociales y Jurídicas;Universidades privadas;Centros adscritos;Hombres;997
Matrícula de Grado;Ingeniería y Arquitectura;Total Universidades;Total Centros;Ambos Sexos;232.118
Matrícula de Grado;Ingeniería y Arquitectura;Total Universidades;Total Centros;Mujeres;57.224
Matrícula de Grado;Ingeniería y Arquitectura;Total Universidades;Total Centros;Hombres;174.894
Matrícula de Grado;Ingeniería y Arquitectura;Total Universidades;Centros propios;Ambos Sexos;223.480
Matrícula de Grado;Ingeniería y Arquitectura;Total Universidades;Centros propios;Mujeres;55.523
Matrícula de Grado;Ingeniería y Arquitectura;Total Universidades;Centros propios;Hombres;167.957
Matrícula de Grado;Ingeniería y Arquitectura;Total Universidades;Centros adscritos;Ambos Sexos;8.638
Matrícula de Grado;Ingeniería y Arquitectura;Total Universidades;Centros adscritos;Mujeres;1.701
Matrícula de Grado;Ingeniería y Arquitectura;Total Universidades;Centros adscritos;Hombres;6.937
Matrícula de Grado;Ingeniería y Arquitectura;Universidades públicas;Total Centros;Ambos Sexos;214.352
Matrícula de Grado;Ingeniería y Arquitectura;Universidades públicas;Total Centros;Mujeres;53.121
Matrícula de Grado;Ingeniería y Arquitectura;Universidades públicas;Total Centros;Hombres;161.231
Matrícula de Grado;Ingeniería y Arquitectura;Universidades públicas;Centros propios;Ambos Sexos;205.831
Matrícula de Grado;Ingeniería y Arquitectura;Universidades públicas;Centros propios;Mujeres;51.439
Matrícula de Grado;Ingeniería y Arquitectura;Universidades públicas;Centros propios;Hombres;154.392
Matrícula de Grado;Ingeniería y Arquitectura;Universidades públicas;Centros adscritos;Ambos Sexos;8.521
Matrícula de Grado;Ingeniería y Arquitectura;Universidades públicas;Centros adscritos;Mujeres;1.682
Matrícula de Grado;Ingeniería y Arquitectura;Universidades públicas;Centros adscritos;Hombres;6.839
Matrícula de Grado;Ingeniería y Arquitectura;Universidades privadas;Total Centros;Ambos Sexos;17.766
Matrícula de Grado;Ingeniería y Arquitectura;Universidades privadas;Total Centros;Mujeres;4.103
Matrícula de Grado;Ingeniería y Arquitectura;Universidades privadas;Total Centros;Hombres;13.663
Matrícula de Grado;Ingeniería y Arquitectura;Universidades privadas;Centros propios;Ambos Sexos;17.649
Matrícula de Grado;Ingeniería y Arquitectura;Universidades privadas;Centros propios;Mujeres;4.084
Matrícula de Grado;Ingeniería y Arquitectura;Universidades privadas;Centros propios;Hombres;13.565
Matrícula de Grado;Ingeniería y Arquitectura;Universidades privadas;Centros adscritos;Ambos Sexos;117
Matrícula de Grado;Ingeniería y Arquitectura;Universidades privadas;Centros adscritos;Mujeres;19
Matrícula de Grado;Ingeniería y Arquitectura;Universidades privadas;Centros adscritos;Hombres;98
Matrícula de Grado;Artes y Humanidades;Total Universidades;Total Centros;Ambos Sexos;126.081
Matrícula de Grado;Artes y Humanidades;Total Universidades;Total Centros;Mujeres;77.078
Matrícula de Grado;Artes y Humanidades;Total Universidades;Total Centros;Hombres;49.003
Matrícula de Grado;Artes y Humanidades;Total Universidades;Centros propios;Ambos Sexos;121.793
Matrícula de Grado;Artes y Humanidades;Total Universidades;Centros propios;Mujeres;74.504
Matrícula de Grado;Artes y Humanidades;Total Universidades;Centros propios;Hombres;47.289
Matrícula de Grado;Artes y Humanidades;Total Universidades;Centros adscritos;Ambos Sexos;4.288
Matrícula de Grado;Artes y Humanidades;Total Universidades;Centros adscritos;Mujeres;2.574
Matrícula de Grado;Artes y Humanidades;Total Universidades;Centros adscritos;Hombres;1.714
Matrícula de Grado;Artes y Humanidades;Universidades públicas;Total Centros;Ambos Sexos;119.212
Matrícula de Grado;Artes y Humanidades;Universidades públicas;Total Centros;Mujeres;73.115
Matrícula de Grado;Artes y Humanidades;Universidades públicas;Total Centros;Hombres;46.097
Matrícula de Grado;Artes y Humanidades;Universidades públicas;Centros propios;Ambos Sexos;117.151
Matrícula de Grado;Artes y Humanidades;Universidades públicas;Centros propios;Mujeres;71.808
Matrícula de Grado;Artes y Humanidades;Universidades públicas;Centros propios;Hombres;45.343
Matrícula de Grado;Artes y Humanidades;Universidades públicas;Centros adscritos;Ambos Sexos;2.061
Matrícula de Grado;Artes y Humanidades;Universidades públicas;Centros adscritos;Mujeres;1.307
Matrícula de Grado;Artes y Humanidades;Universidades públicas;Centros adscritos;Hombres;754
Matrícula de Grado;Artes y Humanidades;Universidades privadas;Total Centros;Ambos Sexos;6.869
Matrícula de Grado;Artes y Humanidades;Universidades privadas;Total Centros;Mujeres;3.963
Matrícula de Grado;Artes y Humanidades;Universidades privadas;Total Centros;Hombres;2.906
Matrícula de Grado;Artes y Humanidades;Universidades privadas;Centros propios;Ambos Sexos;4.642
Matrícula de Grado;Artes y Humanidades;Universidades privadas;Centros propios;Mujeres;2.696
Matrícula de Grado;Artes y Humanidades;Universidades privadas;Centros propios;Hombres;1.946
Matrícula de Grado;Artes y Humanidades;Universidades privadas;Centros adscritos;Ambos Sexos;2.227
Matrícula de Grado;Artes y Humanidades;Universidades privadas;Centros adscritos;Mujeres;1.267
Matrícula de Grado;Artes y Humanidades;Universidades privadas;Centros adscritos;Hombres;960
Matrícula de Grado;Ciencias de la Salud;Total Universidades;Total Centros;Ambos Sexos;227.870
Matrícula de Grado;Ciencias de la Salud;Total Universidades;Total Centros;Mujeres;158.300
Matrícula de Grado;Ciencias de la Salud;Total Universidades;Total Centros;Hombres;69.570
Matrícula de Grado;Ciencias de la Salud;Total Universidades;Centros propios;Ambos Sexos;210.251
Matrícula de Grado;Ciencias de la Salud;Total Universidades;Centros propios;Mujeres;146.443
Matrícula de Grado;Ciencias de la Salud;Total Universidades;Centros propios;Hombres;63.808
Matrícula de Grado;Ciencias de la Salud;Total Universidades;Centros adscritos;Ambos Sexos;17.619
Matrícula de Grado;Ciencias de la Salud;Total Universidades;Centros adscritos;Mujeres;11.857
Matrícula de Grado;Ciencias de la Salud;Total Universidades;Centros adscritos;Hombres;5.762
Matrícula de Grado;Ciencias de la Salud;Universidades públicas;Total Centros;Ambos Sexos;181.069
Matrícula de Grado;Ciencias de la Salud;Universidades públicas;Total Centros;Mujeres;129.074
Matrícula de Grado;Ciencias de la Salud;Universidades públicas;Total Centros;Hombres;51.995
Matrícula de Grado;Ciencias de la Salud;Universidades públicas;Centros propios;Ambos Sexos;164.698
Matrícula de Grado;Ciencias de la Salud;Universidades públicas;Centros propios;Mujeres;117.991
Matrícula de Grado;Ciencias de la Salud;Universidades públicas;Centros propios;Hombres;46.707
Matrícula de Grado;Ciencias de la Salud;Universidades públicas;Centros adscritos;Ambos Sexos;16.371
Matrícula de Grado;Ciencias de la Salud;Universidades públicas;Centros adscritos;Mujeres;11.083
Matrícula de Grado;Ciencias de la Salud;Universidades públicas;Centros adscritos;Hombres;5.288
Matrícula de Grado;Ciencias de la Salud;Universidades privadas;Total Centros;Ambos Sexos;46.801
Matrícula de Grado;Ciencias de la Salud;Universidades privadas;Total Centros;Mujeres;29.226
Matrícula de Grado;Ciencias de la Salud;Universidades privadas;Total Centros;Hombres;17.575
Matrícula de Grado;Ciencias de la Salud;Universidades privadas;Centros propios;Ambos Sexos;45.553
Matrícula de Grado;Ciencias de la Salud;Universidades privadas;Centros propios;Mujeres;28.452
Matrícula de Grado;Ciencias de la Salud;Universidades privadas;Centros propios;Hombres;17.101
Matrícula de Grado;Ciencias de la Salud;Universidades privadas;Centros adscritos;Ambos Sexos;1.248
Matrícula de Grado;Ciencias de la Salud;Universidades privadas;Centros adscritos;Mujeres;774
Matrícula de Grado;Ciencias de la Salud;Universidades privadas;Centros adscritos;Hombres;474
Matrícula de Grado;Ciencias;Total Universidades;Total Centros;Ambos Sexos;75.182
Matrícula de Grado;Ciencias;Total Universidades;Total Centros;Mujeres;38.400
Matrícula de Grado;Ciencias;Total Universidades;Total Centros;Hombres;36.782
Matrícula de Grado;Ciencias;Total Universidades;Centros propios;Ambos Sexos;75.182
Matrícula de Grado;Ciencias;Total Universidades;Centros propios;Mujeres;38.400
Matrícula de Grado;Ciencias;Total Universidades;Centros propios;Hombres;36.782
Matrícula de Grado;Ciencias;Total Universidades;Centros adscritos;Ambos Sexos;..
Matrícula de Grado;Ciencias;Total Universidades;Centros adscritos;Mujeres;..
Matrícula de Grado;Ciencias;Total Universidades;Centros adscritos;Hombres;..
Matrícula de Grado;Ciencias;Universidades públicas;Total Centros;Ambos Sexos;73.201
Matrícula de Grado;Ciencias;Universidades públicas;Total Centros;Mujeres;37.247
Matrícula de Grado;Ciencias;Universidades públicas;Total Centros;Hombres;35.954
Matrícula de Grado;Ciencias;Universidades públicas;Centros propios;Ambos Sexos;73.201
Matrícula de Grado;Ciencias;Universidades públicas;Centros propios;Mujeres;37.247
Matrícula de Grado;Ciencias;Universidades públicas;Centros propios;Hombres;35.954
Matrícula de Grado;Ciencias;Universidades públicas;Centros adscritos;Ambos Sexos;..
Matrícula de Grado;Ciencias;Universidades públicas;Centros adscritos;Mujeres;..
Matrícula de Grado;Ciencias;Universidades públicas;Centros adscritos;Hombres;..
Matrícula de Grado;Ciencias;Universidades privadas;Total Centros;Ambos Sexos;1.981
Matrícula de Grado;Ciencias;Universidades privadas;Total Centros;Mujeres;1.153
Matrícula de Grado;Ciencias;Universidades privadas;Total Centros;Hombres;828
Matrícula de Grado;Ciencias;Universidades privadas;Centros propios;Ambos Sexos;1.981
Matrícula de Grado;Ciencias;Universidades privadas;Centros propios;Mujeres;1.153
Matrícula de Grado;Ciencias;Universidades privadas;Centros propios;Hombres;828
Matrícula de Grado;Ciencias;Universidades privadas;Centros adscritos;Ambos Sexos;..
Matrícula de Grado;Ciencias;Universidades privadas;Centros adscritos;Mujeres;..
Matrícula de Grado;Ciencias;Universidades privadas;Centros adscritos;Hombres;..
Matrícula de 1º y 2º Ciclo;Total Ramas;Total Universidades;Total Centros;Ambos Sexos;113.201
Matrícula de 1º y 2º Ciclo;Total Ramas;Total Universidades;Total Centros;Mujeres;52.533
Matrícula de 1º y 2º Ciclo;Total Ramas;Total Universidades;Total Centros;Hombres;60.668
Matrícula de 1º y 2º Ciclo;Total Ramas;Total Universidades;Centros propios;Ambos Sexos;111.996
Matrícula de 1º y 2º Ciclo;Total Ramas;Total Universidades;Centros propios;Mujeres;51.979
Matrícula de 1º y 2º Ciclo;Total Ramas;Total Universidades;Centros propios;Hombres;60.017
Matrícula de 1º y 2º Ciclo;Total Ramas;Total Universidades;Centros adscritos;Ambos Sexos;1.205
Matrícula de 1º y 2º Ciclo;Total Ramas;Total Universidades;Centros adscritos;Mujeres;554
Matrícula de 1º y 2º Ciclo;Total Ramas;Total Universidades;Centros adscritos;Hombres;651
Matrícula de 1º y 2º Ciclo;Total Ramas;Universidades públicas;Total Centros;Ambos Sexos;102.494
Matrícula de 1º y 2º Ciclo;Total Ramas;Universidades públicas;Total Centros;Mujeres;47.567
Matrícula de 1º y 2º Ciclo;Total Ramas;Universidades públicas;Total Centros;Hombres;54.927
Matrícula de 1º y 2º Ciclo;Total Ramas;Universidades públicas;Centros propios;Ambos Sexos;101.289
Matrícula de 1º y 2º Ciclo;Total Ramas;Universidades públicas;Centros propios;Mujeres;47.013
Matrícula de 1º y 2º Ciclo;Total Ramas;Universidades públicas;Centros propios;Hombres;54.276
Matrícula de 1º y 2º Ciclo;Total Ramas;Universidades públicas;Centros adscritos;Ambos Sexos;1.205
Matrícula de 1º y 2º Ciclo;Total Ramas;Universidades públicas;Centros adscritos;Mujeres;554
Matrícula de 1º y 2º Ciclo;Total Ramas;Universidades públicas;Centros adscritos;Hombres;651
Matrícula de 1º y 2º Ciclo;Total Ramas;Universidades privadas;Total Centros;Ambos Sexos;10.707
Matrícula de 1º y 2º Ciclo;Total Ramas;Universidades privadas;Total Centros;Mujeres;4.966
Matrícula de 1º y 2º Ciclo;Total Ramas;Universidades privadas;Total Centros;Hombres;5.741
Matrícula de 1º y 2º Ciclo;Total Ramas;Universidades privadas;Centros propios;Ambos Sexos;10.707
Matrícula de 1º y 2º Ciclo;Total Ramas;Universidades privadas;Centros propios;Mujeres;4.966
Matrícula de 1º y 2º Ciclo;Total Ramas;Universidades privadas;Centros propios;Hombres;5.741
Matrícula de 1º y 2º Ciclo;Total Ramas;Universidades privadas;Centros adscritos;Ambos Sexos;..
Matrícula de 1º y 2º Ciclo;Total Ramas;Universidades privadas;Centros adscritos;Mujeres;..
Matrícula de 1º y 2º Ciclo;Total Ramas;Universidades privadas;Centros adscritos;Hombres;..
Matrícula de 1º y 2º Ciclo;Ciencias Sociales y Jurídicas;Total Universidades;Total Centros;Ambos Sexos;44.097
Matrícula de 1º y 2º Ciclo;Ciencias Sociales y Jurídicas;Total Universidades;Total Centros;Mujeres;25.511
Matrícula de 1º y 2º Ciclo;Ciencias Sociales y Jurídicas;Total Universidades;Total Centros;Hombres;18.586
Matrícula de 1º y 2º Ciclo;Ciencias Sociales y Jurídicas;Total Universidades;Centros propios;Ambos Sexos;43.278
Matrícula de 1º y 2º Ciclo;Ciencias Sociales y Jurídicas;Total Universidades;Centros propios;Mujeres;25.068
Matrícula de 1º y 2º Ciclo;Ciencias Sociales y Jurídicas;Total Universidades;Centros propios;Hombres;18.210
Matrícula de 1º y 2º Ciclo;Ciencias Sociales y Jurídicas;Total Universidades;Centros adscritos;Ambos Sexos;819
Matrícula de 1º y 2º Ciclo;Ciencias Sociales y Jurídicas;Total Universidades;Centros adscritos;Mujeres;443
Matrícula de 1º y 2º Ciclo;Ciencias Sociales y Jurídicas;Total Universidades;Centros adscritos;Hombres;376
Matrícula de 1º y 2º Ciclo;Ciencias Sociales y Jurídicas;Universidades públicas;Total Centros;Ambos Sexos;37.630
Matrícula de 1º y 2º Ciclo;Ciencias Sociales y Jurídicas;Universidades públicas;Total Centros;Mujeres;21.996
Matrícula de 1º y 2º Ciclo;Ciencias Sociales y Jurídicas;Universidades públicas;Total Centros;Hombres;15.634
Matrícula de 1º y 2º Ciclo;Ciencias Sociales y Jurídicas;Universidades públicas;Centros propios;Ambos Sexos;36.811
Matrícula de 1º y 2º Ciclo;Ciencias Sociales y Jurídicas;Universidades públicas;Centros propios;Mujeres;21.553
Matrícula de 1º y 2º Ciclo;Ciencias Sociales y Jurídicas;Universidades públicas;Centros propios;Hombres;15.258
Matrícula de 1º y 2º Ciclo;Ciencias Sociales y Jurídicas;Universidades públicas;Centros adscritos;Ambos Sexos;819
Matrícula de 1º y 2º Ciclo;Ciencias Sociales y Jurídicas;Universidades públicas;Centros adscritos;Mujeres;443
Matrícula de 1º y 2º Ciclo;Ciencias Sociales y Jurídicas;Universidades públicas;Centros adscritos;Hombres;376
Matrícula de 1º y 2º Ciclo;Ciencias Sociales y Jurídicas;Universidades privadas;Total Centros;Ambos Sexos;6.467
Matrícula de 1º y 2º Ciclo;Ciencias Sociales y Jurídicas;Universidades privadas;Total Centros;Mujeres;3.515
Matrícula de 1º y 2º Ciclo;Ciencias Sociales y Jurídicas;Universidades privadas;Total Centros;Hombres;2.952
Matrícula de 1º y 2º Ciclo;Ciencias Sociales y Jurídicas;Universidades privadas;Centros propios;Ambos Sexos;6.467
Matrícula de 1º y 2º Ciclo;Ciencias Sociales y Jurídicas;Universidades privadas;Centros propios;Mujeres;3.515
Matrícula de 1º y 2º Ciclo;Ciencias Sociales y Jurídicas;Universidades privadas;Centros propios;Hombres;2.952
Matrícula de 1º y 2º Ciclo;Ciencias Sociales y Jurídicas;Universidades privadas;Centros adscritos;Ambos Sexos;..
Matrícula de 1º y 2º Ciclo;Ciencias Sociales y Jurídicas;Universidades privadas;Centros adscritos;Mujeres;..
Matrícula de 1º y 2º Ciclo;Ciencias Sociales y Jurídicas;Universidades privadas;Centros adscritos;Hombres;..
Matrícula de 1º y 2º Ciclo;Ingeniería y Arquitectura;Total Universidades;Total Centros;Ambos Sexos;49.700
Matrícula de 1º y 2º Ciclo;Ingeniería y Arquitectura;Total Universidades;Total Centros;Mujeres;15.030
Matrícula de 1º y 2º Ciclo;Ingeniería y Arquitectura;Total Universidades;Total Centros;Hombres;34.670
Matrícula de 1º y 2º Ciclo;Ingeniería y Arquitectura;Total Universidades;Centros propios;Ambos Sexos;49.350
Matrícula de 1º y 2º Ciclo;Ingeniería y Arquitectura;Total Universidades;Centros propios;Mujeres;14.943
Matrícula de 1º y 2º Ciclo;Ingeniería y Arquitectura;Total Universidades;Centros propios;Hombres;34.407
Matrícula de 1º y 2º Ciclo;Ingeniería y Arquitectura;Total Universidades;Centros adscritos;Ambos Sexos;350
Matrícula de 1º y 2º Ciclo;Ingeniería y Arquitectura;Total Universidades;Centros adscritos;Mujeres;87
Matrícula de 1º y 2º Ciclo;Ingeniería y Arquitectura;Total Universidades;Centros adscritos;Hombres;263
Matrícula de 1º y 2º Ciclo;Ingeniería y Arquitectura;Universidades públicas;Total Centros;Ambos Sexos;46.639
Matrícula de 1º y 2º Ciclo;Ingeniería y Arquitectura;Universidades públicas;Total Centros;Mujeres;14.177
Matrícula de 1º y 2º Ciclo;Ingeniería y Arquitectura;Universidades públicas;Total Centros;Hombres;32.462
Matrícula de 1º y 2º Ciclo;Ingeniería y Arquitectura;Universidades públicas;Centros propios;Ambos Sexos;46.289
Matrícula de 1º y 2º Ciclo;Ingeniería y Arquitectura;Universidades públicas;Centros propios;Mujeres;14.090
Matrícula de 1º y 2º Ciclo;Ingeniería y Arquitectura;Universidades públicas;Centros propios;Hombres;32.199
Matrícula de 1º y 2º Ciclo;Ingeniería y Arquitectura;Universidades públicas;Centros adscritos;Ambos Sexos;350
Matrícula de 1º y 2º Ciclo;Ingeniería y Arquitectura;Universidades públicas;Centros adscritos;Mujeres;87
Matrícula de 1º y 2º Ciclo;Ingeniería y Arquitectura;Universidades públicas;Centros adscritos;Hombres;263
Matrícula de 1º y 2º Ciclo;Ingeniería y Arquitectura;Universidades privadas;Total Centros;Ambos Sexos;3.061
Matrícula de 1º y 2º Ciclo;Ingeniería y Arquitectura;Universidades privadas;Total Centros;Mujeres;853
Matrícula de 1º y 2º Ciclo;Ingeniería y Arquitectura;Universidades privadas;Total Centros;Hombres;2.208
Matrícula de 1º y 2º Ciclo;Ingeniería y Arquitectura;Universidades privadas;Centros propios;Ambos Sexos;3.061
Matrícula de 1º y 2º Ciclo;Ingeniería y Arquitectura;Universidades privadas;Centros propios;Mujeres;853
Matrícula de 1º y 2º Ciclo;Ingeniería y Arquitectura;Universidades privadas;Centros propios;Hombres;2.208
Matrícula de 1º y 2º Ciclo;Ingeniería y Arquitectura;Universidades privadas;Centros adscritos;Ambos Sexos;..
Matrícula de 1º y 2º Ciclo;Ingeniería y Arquitectura;Universidades privadas;Centros adscritos;Mujeres;..
Matrícula de 1º y 2º Ciclo;Ingeniería y Arquitectura;Universidades privadas;Centros adscritos;Hombres;..
Matrícula de 1º y 2º Ciclo;Artes y Humanidades;Total Universidades;Total Centros;Ambos Sexos;6.355
Matrícula de 1º y 2º Ciclo;Artes y Humanidades;Total Universidades;Total Centros;Mujeres;3.902
Matrícula de 1º y 2º Ciclo;Artes y Humanidades;Total Universidades;Total Centros;Hombres;2.453
Matrícula de 1º y 2º Ciclo;Artes y Humanidades;Total Universidades;Centros propios;Ambos Sexos;6.330
Matrícula de 1º y 2º Ciclo;Artes y Humanidades;Total Universidades;Centros propios;Mujeres;3.886
Matrícula de 1º y 2º Ciclo;Artes y Humanidades;Total Universidades;Centros propios;Hombres;2.444
Matrícula de 1º y 2º Ciclo;Artes y Humanidades;Total Universidades;Centros adscritos;Ambos Sexos;25
Matrícula de 1º y 2º Ciclo;Artes y Humanidades;Total Universidades;Centros adscritos;Mujeres;16
Matrícula de 1º y 2º Ciclo;Artes y Humanidades;Total Universidades;Centros adscritos;Hombres;9
Matrícula de 1º y 2º Ciclo;Artes y Humanidades;Universidades públicas;Total Centros;Ambos Sexos;6.000
Matrícula de 1º y 2º Ciclo;Artes y Humanidades;Universidades públicas;Total Centros;Mujeres;3.697
Matrícula de 1º y 2º Ciclo;Artes y Humanidades;Universidades públicas;Total Centros;Hombres;2.303
Matrícula de 1º y 2º Ciclo;Artes y Humanidades;Universidades públicas;Centros propios;Ambos Sexos;5.975
Matrícula de 1º y 2º Ciclo;Artes y Humanidades;Universidades públicas;Centros propios;Mujeres;3.681
Matrícula de 1º y 2º Ciclo;Artes y Humanidades;Universidades públicas;Centros propios;Hombres;2.294
Matrícula de 1º y 2º Ciclo;Artes y Humanidades;Universidades públicas;Centros adscritos;Ambos Sexos;25
Matrícula de 1º y 2º Ciclo;Artes y Humanidades;Universidades públicas;Centros adscritos;Mujeres;16
Matrícula de 1º y 2º Ciclo;Artes y Humanidades;Universidades públicas;Centros adscritos;Hombres;9
Matrícula de 1º y 2º Ciclo;Artes y Humanidades;Universidades privadas;Total Centros;Ambos Sexos;355
Matrícula de 1º y 2º Ciclo;Artes y Humanidades;Universidades privadas;Total Centros;Mujeres;205
Matrícula de 1º y 2º Ciclo;Artes y Humanidades;Universidades privadas;Total Centros;Hombres;150
Matrícula de 1º y 2º Ciclo;Artes y Humanidades;Universidades privadas;Centros propios;Ambos Sexos;355
Matrícula de 1º y 2º Ciclo;Artes y Humanidades;Universidades privadas;Centros propios;Mujeres;205
Matrícula de 1º y 2º Ciclo;Artes y Humanidades;Universidades privadas;Centros propios;Hombres;150
Matrícula de 1º y 2º Ciclo;Artes y Humanidades;Universidades privadas;Centros adscritos;Ambos Sexos;..
Matrícula de 1º y 2º Ciclo;Artes y Humanidades;Universidades privadas;Centros adscritos;Mujeres;..
Matrícula de 1º y 2º Ciclo;Artes y Humanidades;Universidades privadas;Centros adscritos;Hombres;..
Matrícula de 1º y 2º Ciclo;Ciencias de la Salud;Total Universidades;Total Centros;Ambos Sexos;8.083
Matrícula de 1º y 2º Ciclo;Ciencias de la Salud;Total Universidades;Total Centros;Mujeres;5.387
Matrícula de 1º y 2º Ciclo;Ciencias de la Salud;Total Universidades;Total Centros;Hombres;2.696
Matrícula de 1º y 2º Ciclo;Ciencias de la Salud;Total Universidades;Centros propios;Ambos Sexos;8.072
Matrícula de 1º y 2º Ciclo;Ciencias de la Salud;Total Universidades;Centros propios;Mujeres;5.379
Matrícula de 1º y 2º Ciclo;Ciencias de la Salud;Total Universidades;Centros propios;Hombres;2.693
Matrícula de 1º y 2º Ciclo;Ciencias de la Salud;Total Universidades;Centros adscritos;Ambos Sexos;11
Matrícula de 1º y 2º Ciclo;Ciencias de la Salud;Total Universidades;Centros adscritos;Mujeres;8
Matrícula de 1º y 2º Ciclo;Ciencias de la Salud;Total Universidades;Centros adscritos;Hombres;3
Matrícula de 1º y 2º Ciclo;Ciencias de la Salud;Universidades públicas;Total Centros;Ambos Sexos;7.325
Matrícula de 1º y 2º Ciclo;Ciencias de la Salud;Universidades públicas;Total Centros;Mujeres;5.019
Matrícula de 1º y 2º Ciclo;Ciencias de la Salud;Universidades públicas;Total Centros;Hombres;2.306
Matrícula de 1º y 2º Ciclo;Ciencias de la Salud;Universidades públicas;Centros propios;Ambos Sexos;7.314
Matrícula de 1º y 2º Ciclo;Ciencias de la Salud;Universidades públicas;Centros propios;Mujeres;5.011
Matrícula de 1º y 2º Ciclo;Ciencias de la Salud;Universidades públicas;Centros propios;Hombres;2.303
Matrícula de 1º y 2º Ciclo;Ciencias de la Salud;Universidades públicas;Centros adscritos;Ambos Sexos;11
Matrícula de 1º y 2º Ciclo;Ciencias de la Salud;Universidades públicas;Centros adscritos;Mujeres;8
Matrícula de 1º y 2º Ciclo;Ciencias de la Salud;Universidades públicas;Centros adscritos;Hombres;3
Matrícula de 1º y 2º Ciclo;Ciencias de la Salud;Universidades privadas;Total Centros;Ambos Sexos;758
Matrícula de 1º y 2º Ciclo;Ciencias de la Salud;Universidades privadas;Total Centros;Mujeres;368
Matrícula de 1º y 2º Ciclo;Ciencias de la Salud;Universidades privadas;Total Centros;Hombres;390
Matrícula de 1º y 2º Ciclo;Ciencias de la Salud;Universidades privadas;Centros propios;Ambos Sexos;758
Matrícula de 1º y 2º Ciclo;Ciencias de la Salud;Universidades privadas;Centros propios;Mujeres;368
Matrícula de 1º y 2º Ciclo;Ciencias de la Salud;Universidades privadas;Centros propios;Hombres;390
Matrícula de 1º y 2º Ciclo;Ciencias de la Salud;Universidades privadas;Centros adscritos;Ambos Sexos;..
Matrícula de 1º y 2º Ciclo;Ciencias de la Salud;Universidades privadas;Centros adscritos;Mujeres;..
Matrícula de 1º y 2º Ciclo;Ciencias de la Salud;Universidades privadas;Centros adscritos;Hombres;..
Matrícula de 1º y 2º Ciclo;Ciencias;Total Universidades;Total Centros;Ambos Sexos;4.966
Matrícula de 1º y 2º Ciclo;Ciencias;Total Universidades;Total Centros;Mujeres;2.703
Matrícula de 1º y 2º Ciclo;Ciencias;Total Universidades;Total Centros;Hombres;2.263
Matrícula de 1º y 2º Ciclo;Ciencias;Total Universidades;Centros propios;Ambos Sexos;4.966
Matrícula de 1º y 2º Ciclo;Ciencias;Total Universidades;Centros propios;Mujeres;2.703
Matrícula de 1º y 2º Ciclo;Ciencias;Total Universidades;Centros propios;Hombres;2.263
Matrícula de 1º y 2º Ciclo;Ciencias;Total Universidades;Centros adscritos;Ambos Sexos;..
Matrícula de 1º y 2º Ciclo;Ciencias;Total Universidades;Centros adscritos;Mujeres;..
Matrícula de 1º y 2º Ciclo;Ciencias;Total Universidades;Centros adscritos;Hombres;..
Matrícula de 1º y 2º Ciclo;Ciencias;Universidades públicas;Total Centros;Ambos Sexos;4.900
Matrícula de 1º y 2º Ciclo;Ciencias;Universidades públicas;Total Centros;Mujeres;2.678
Matrícula de 1º y 2º Ciclo;Ciencias;Universidades públicas;Total Centros;Hombres;2.222
Matrícula de 1º y 2º Ciclo;Ciencias;Universidades públicas;Centros propios;Ambos Sexos;4.900
Matrícula de 1º y 2º Ciclo;Ciencias;Universidades públicas;Centros propios;Mujeres;2.678
Matrícula de 1º y 2º Ciclo;Ciencias;Universidades públicas;Centros propios;Hombres;2.222
Matrícula de 1º y 2º Ciclo;Ciencias;Universidades públicas;Centros adscritos;Ambos Sexos;..
Matrícula de 1º y 2º Ciclo;Ciencias;Universidades públicas;Centros adscritos;Mujeres;..
Matrícula de 1º y 2º Ciclo;Ciencias;Universidades públicas;Centros adscritos;Hombres;..
Matrícula de 1º y 2º Ciclo;Ciencias;Universidades privadas;Total Centros;Ambos Sexos;66
Matrícula de 1º y 2º Ciclo;Ciencias;Universidades privadas;Total Centros;Mujeres;25
Matrícula de 1º y 2º Ciclo;Ciencias;Universidades privadas;Total Centros;Hombres;41
Matrícula de 1º y 2º Ciclo;Ciencias;Universidades privadas;Centros propios;Ambos Sexos;66
Matrícula de 1º y 2º Ciclo;Ciencias;Universidades privadas;Centros propios;Mujeres;25
Matrícula de 1º y 2º Ciclo;Ciencias;Universidades privadas;Centros propios;Hombres;41
Matrícula de 1º y 2º Ciclo;Ciencias;Universidades privadas;Centros adscritos;Ambos Sexos;..
Matrícula de 1º y 2º Ciclo;Ciencias;Universidades privadas;Centros adscritos;Mujeres;..
Matrícula de 1º y 2º Ciclo;Ciencias;Universidades privadas;Centros adscritos;Hombres;..
1º y 2º ciclo. Ciclo Corto;Total Ramas;Total Universidades;Total Centros;Ambos Sexos;20.557
1º y 2º ciclo. Ciclo Corto;Total Ramas;Total Universidades;Total Centros;Mujeres;7.307
1º y 2º ciclo. Ciclo Corto;Total Ramas;Total Universidades;Total Centros;Hombres;13.250
1º y 2º ciclo. Ciclo Corto;Total Ramas;Total Universidades;Centros propios;Ambos Sexos;19.873
1º y 2º ciclo. Ciclo Corto;Total Ramas;Total Universidades;Centros propios;Mujeres;7.027
1º y 2º ciclo. Ciclo Corto;Total Ramas;Total Universidades;Centros propios;Hombres;12.846
1º y 2º ciclo. Ciclo Corto;Total Ramas;Total Universidades;Centros adscritos;Ambos Sexos;684
1º y 2º ciclo. Ciclo Corto;Total Ramas;Total Universidades;Centros adscritos;Mujeres;280
1º y 2º ciclo. Ciclo Corto;Total Ramas;Total Universidades;Centros adscritos;Hombres;404
1º y 2º ciclo. Ciclo Corto;Total Ramas;Universidades públicas;Total Centros;Ambos Sexos;18.810
1º y 2º ciclo. Ciclo Corto;Total Ramas;Universidades públicas;Total Centros;Mujeres;6.771
1º y 2º ciclo. Ciclo Corto;Total Ramas;Universidades públicas;Total Centros;Hombres;12.039
1º y 2º ciclo. Ciclo Corto;Total Ramas;Universidades públicas;Centros propios;Ambos Sexos;18.126
1º y 2º ciclo. Ciclo Corto;Total Ramas;Universidades públicas;Centros propios;Mujeres;6.491
1º y 2º ciclo. Ciclo Corto;Total Ramas;Universidades públicas;Centros propios;Hombres;11.635
1º y 2º ciclo. Ciclo Corto;Total Ramas;Universidades públicas;Centros adscritos;Ambos Sexos;684
1º y 2º ciclo. Ciclo Corto;Total Ramas;Universidades públicas;Centros adscritos;Mujeres;280
1º y 2º ciclo. Ciclo Corto;Total Ramas;Universidades públicas;Centros adscritos;Hombres;404
1º y 2º ciclo. Ciclo Corto;Total Ramas;Universidades privadas;Total Centros;Ambos Sexos;1.747
1º y 2º ciclo. Ciclo Corto;Total Ramas;Universidades privadas;Total Centros;Mujeres;536
1º y 2º ciclo. Ciclo Corto;Total Ramas;Universidades privadas;Total Centros;Hombres;1.211
1º y 2º ciclo. Ciclo Corto;Total Ramas;Universidades privadas;Centros propios;Ambos Sexos;1.747
1º y 2º ciclo. Ciclo Corto;Total Ramas;Universidades privadas;Centros propios;Mujeres;536
1º y 2º ciclo. Ciclo Corto;Total Ramas;Universidades privadas;Centros propios;Hombres;1.211
1º y 2º ciclo. Ciclo Corto;Total Ramas;Universidades privadas;Centros adscritos;Ambos Sexos;..
1º y 2º ciclo. Ciclo Corto;Total Ramas;Universidades privadas;Centros adscritos;Mujeres;..
1º y 2º ciclo. Ciclo Corto;Total Ramas;Universidades privadas;Centros adscritos;Hombres;..
1º y 2º ciclo. Ciclo Corto;Ciencias Sociales y Jurídicas;Total Universidades;Total Centros;Ambos Sexos;5.798
1º y 2º ciclo. Ciclo Corto;Ciencias Sociales y Jurídicas;Total Universidades;Total Centros;Mujeres;3.542
1º y 2º ciclo. Ciclo Corto;Ciencias Sociales y Jurídicas;Total Universidades;Total Centros;Hombres;2.256
1º y 2º ciclo. Ciclo Corto;Ciencias Sociales y Jurídicas;Total Universidades;Centros propios;Ambos Sexos;5.475
1º y 2º ciclo. Ciclo Corto;Ciencias Sociales y Jurídicas;Total Universidades;Centros propios;Mujeres;3.357
1º y 2º ciclo. Ciclo Corto;Ciencias Sociales y Jurídicas;Total Universidades;Centros propios;Hombres;2.118
1º y 2º ciclo. Ciclo Corto;Ciencias Sociales y Jurídicas;Total Universidades;Centros adscritos;Ambos Sexos;323
1º y 2º ciclo. Ciclo Corto;Ciencias Sociales y Jurídicas;Total Universidades;Centros adscritos;Mujeres;185
1º y 2º ciclo. Ciclo Corto;Ciencias Sociales y Jurídicas;Total Universidades;Centros adscritos;Hombres;138
1º y 2º ciclo. Ciclo Corto;Ciencias Sociales y Jurídicas;Universidades públicas;Total Centros;Ambos Sexos;4.954
1º y 2º ciclo. Ciclo Corto;Ciencias Sociales y Jurídicas;Universidades públicas;Total Centros;Mujeres;3.133
1º y 2º ciclo. Ciclo Corto;Ciencias Sociales y Jurídicas;Universidades públicas;Total Centros;Hombres;1.821
1º y 2º ciclo. Ciclo Corto;Ciencias Sociales y Jurídicas;Universidades públicas;Centros propios;Ambos Sexos;4.631
1º y 2º ciclo. Ciclo Corto;Ciencias Sociales y Jurídicas;Universidades públicas;Centros propios;Mujeres;2.948
1º y 2º ciclo. Ciclo Corto;Ciencias Sociales y Jurídicas;Universidades públicas;Centros propios;Hombres;1.683
1º y 2º ciclo. Ciclo Corto;Ciencias Sociales y Jurídicas;Universidades públicas;Centros adscritos;Ambos Sexos;323
1º y 2º ciclo. Ciclo Corto;Ciencias Sociales y Jurídicas;Universidades públicas;Centros adscritos;Mujeres;185
1º y 2º ciclo. Ciclo Corto;Ciencias Sociales y Jurídicas;Universidades públicas;Centros adscritos;Hombres;138
1º y 2º ciclo. Ciclo Corto;Ciencias Sociales y Jurídicas;Universidades privadas;Total Centros;Ambos Sexos;844
1º y 2º ciclo. Ciclo Corto;Ciencias Sociales y Jurídicas;Universidades privadas;Total Centros;Mujeres;409
1º y 2º ciclo. Ciclo Corto;Ciencias Sociales y Jurídicas;Universidades privadas;Total Centros;Hombres;435
1º y 2º ciclo. Ciclo Corto;Ciencias Sociales y Jurídicas;Universidades privadas;Centros propios;Ambos Sexos;844
1º y 2º ciclo. Ciclo Corto;Ciencias Sociales y Jurídicas;Universidades privadas;Centros propios;Mujeres;409
1º y 2º ciclo. Ciclo Corto;Ciencias Sociales y Jurídicas;Universidades privadas;Centros propios;Hombres;435
1º y 2º ciclo. Ciclo Corto;Ciencias Sociales y Jurídicas;Universidades privadas;Centros adscritos;Ambos Sexos;..
1º y 2º ciclo. Ciclo Corto;Ciencias Sociales y Jurídicas;Universidades privadas;Centros adscritos;Mujeres;..
1º y 2º ciclo. Ciclo Corto;Ciencias Sociales y Jurídicas;Universidades privadas;Centros adscritos;Hombres;..
1º y 2º ciclo. Ciclo Corto;Ingeniería y Arquitectura;Total Universidades;Total Centros;Ambos Sexos;14.460
1º y 2º ciclo. Ciclo Corto;Ingeniería y Arquitectura;Total Universidades;Total Centros;Mujeres;3.565
1º y 2º ciclo. Ciclo Corto;Ingeniería y Arquitectura;Total Universidades;Total Centros;Hombres;10.895
1º y 2º ciclo. Ciclo Corto;Ingeniería y Arquitectura;Total Universidades;Centros propios;Ambos Sexos;14.110
1º y 2º ciclo. Ciclo Corto;Ingeniería y Arquitectura;Total Universidades;Centros propios;Mujeres;3.478
1º y 2º ciclo. Ciclo Corto;Ingeniería y Arquitectura;Total Universidades;Centros propios;Hombres;10.632
1º y 2º ciclo. Ciclo Corto;Ingeniería y Arquitectura;Total Universidades;Centros adscritos;Ambos Sexos;350
1º y 2º ciclo. Ciclo Corto;Ingeniería y Arquitectura;Total Universidades;Centros adscritos;Mujeres;87
1º y 2º ciclo. Ciclo Corto;Ingeniería y Arquitectura;Total Universidades;Centros adscritos;Hombres;263
1º y 2º ciclo. Ciclo Corto;Ingeniería y Arquitectura;Universidades públicas;Total Centros;Ambos Sexos;13.587
1º y 2º ciclo. Ciclo Corto;Ingeniería y Arquitectura;Universidades públicas;Total Centros;Mujeres;3.453
1º y 2º ciclo. Ciclo Corto;Ingeniería y Arquitectura;Universidades públicas;Total Centros;Hombres;10.134
1º y 2º ciclo. Ciclo Corto;Ingeniería y Arquitectura;Universidades públicas;Centros propios;Ambos Sexos;13.237
1º y 2º ciclo. Ciclo Corto;Ingeniería y Arquitectura;Universidades públicas;Centros propios;Mujeres;3.366
1º y 2º ciclo. Ciclo Corto;Ingeniería y Arquitectura;Universidades públicas;Centros propios;Hombres;9.871
1º y 2º ciclo. Ciclo Corto;Ingeniería y Arquitectura;Universidades públicas;Centros adscritos;Ambos Sexos;350
1º y 2º ciclo. Ciclo Corto;Ingeniería y Arquitectura;Universidades públicas;Centros adscritos;Mujeres;87
1º y 2º ciclo. Ciclo Corto;Ingeniería y Arquitectura;Universidades públicas;Centros adscritos;Hombres;263
1º y 2º ciclo. Ciclo Corto;Ingeniería y Arquitectura;Universidades privadas;Total Centros;Ambos Sexos;873
1º y 2º ciclo. Ciclo Corto;Ingeniería y Arquitectura;Universidades privadas;Total Centros;Mujeres;112
1º y 2º ciclo. Ciclo Corto;Ingeniería y Arquitectura;Universidades privadas;Total Centros;Hombres;761
1º y 2º ciclo. Ciclo Corto;Ingeniería y Arquitectura;Universidades privadas;Centros propios;Ambos Sexos;873
1º y 2º ciclo. Ciclo Corto;Ingeniería y Arquitectura;Universidades privadas;Centros propios;Mujeres;112
1º y 2º ciclo. Ciclo Corto;Ingeniería y Arquitectura;Universidades privadas;Centros propios;Hombres;761
1º y 2º ciclo. Ciclo Corto;Ingeniería y Arquitectura;Universidades privadas;Centros adscritos;Ambos Sexos;..
1º y 2º ciclo. Ciclo Corto;Ingeniería y Arquitectura;Universidades privadas;Centros adscritos;Mujeres;..
1º y 2º ciclo. Ciclo Corto;Ingeniería y Arquitectura;Universidades privadas;Centros adscritos;Hombres;..
1º y 2º ciclo. Ciclo Corto;Artes y Humanidades;Total Universidades;Total Centros;Ambos Sexos;..
1º y 2º ciclo. Ciclo Corto;Artes y Humanidades;Total Universidades;Total Centros;Mujeres;..
1º y 2º ciclo. Ciclo Corto;Artes y Humanidades;Total Universidades;Total Centros;Hombres;..
1º y 2º ciclo. Ciclo Corto;Artes y Humanidades;Total Universidades;Centros propios;Ambos Sexos;..
1º y 2º ciclo. Ciclo Corto;Artes y Humanidades;Total Universidades;Centros propios;Mujeres;..
1º y 2º ciclo. Ciclo Corto;Artes y Humanidades;Total Universidades;Centros propios;Hombres;..
1º y 2º ciclo. Ciclo Corto;Artes y Humanidades;Total Universidades;Centros adscritos;Ambos Sexos;..
1º y 2º ciclo. Ciclo Corto;Artes y Humanidades;Total Universidades;Centros adscritos;Mujeres;..
1º y 2º ciclo. Ciclo Corto;Artes y Humanidades;Total Universidades;Centros adscritos;Hombres;..
1º y 2º ciclo. Ciclo Corto;Artes y Humanidades;Universidades públicas;Total Centros;Ambos Sexos;..
1º y 2º ciclo. Ciclo Corto;Artes y Humanidades;Universidades públicas;Total Centros;Mujeres;..
1º y 2º ciclo. Ciclo Corto;Artes y Humanidades;Universidades públicas;Total Centros;Hombres;..
1º y 2º ciclo. Ciclo Corto;Artes y Humanidades;Universidades públicas;Centros propios;Ambos Sexos;..
1º y 2º ciclo. Ciclo Corto;Artes y Humanidades;Universidades públicas;Centros propios;Mujeres;..
1º y 2º ciclo. Ciclo Corto;Artes y Humanidades;Universidades públicas;Centros propios;Hombres;..
1º y 2º ciclo. Ciclo Corto;Artes y Humanidades;Universidades públicas;Centros adscritos;Ambos Sexos;..
1º y 2º ciclo. Ciclo Corto;Artes y Humanidades;Universidades públicas;Centros adscritos;Mujeres;..
1º y 2º ciclo. Ciclo Corto;Artes y Humanidades;Universidades públicas;Centros adscritos;Hombres;..
1º y 2º ciclo. Ciclo Corto;Artes y Humanidades;Universidades privadas;Total Centros;Ambos Sexos;..
1º y 2º ciclo. Ciclo Corto;Artes y Humanidades;Universidades privadas;Total Centros;Mujeres;..
1º y 2º ciclo. Ciclo Corto;Artes y Humanidades;Universidades privadas;Total Centros;Hombres;..
1º y 2º ciclo. Ciclo Corto;Artes y Humanidades;Universidades privadas;Centros propios;Ambos Sexos;..
1º y 2º ciclo. Ciclo Corto;Artes y Humanidades;Universidades privadas;Centros propios;Mujeres;..
1º y 2º ciclo. Ciclo Corto;Artes y Humanidades;Universidades privadas;Centros propios;Hombres;..
1º y 2º ciclo. Ciclo Corto;Artes y Humanidades;Universidades privadas;Centros adscritos;Ambos Sexos;..
1º y 2º ciclo. Ciclo Corto;Artes y Humanidades;Universidades privadas;Centros adscritos;Mujeres;..
1º y 2º ciclo. Ciclo Corto;Artes y Humanidades;Universidades privadas;Centros adscritos;Hombres;..
1º y 2º ciclo. Ciclo Corto;Ciencias de la Salud;Total Universidades;Total Centros;Ambos Sexos;150
1º y 2º ciclo. Ciclo Corto;Ciencias de la Salud;Total Universidades;Total Centros;Mujeres;105
1º y 2º ciclo. Ciclo Corto;Ciencias de la Salud;Total Universidades;Total Centros;Hombres;45
1º y 2º ciclo. Ciclo Corto;Ciencias de la Salud;Total Universidades;Centros propios;Ambos Sexos;139
1º y 2º ciclo. Ciclo Corto;Ciencias de la Salud;Total Universidades;Centros propios;Mujeres;97
1º y 2º ciclo. Ciclo Corto;Ciencias de la Salud;Total Universidades;Centros propios;Hombres;42
1º y 2º ciclo. Ciclo Corto;Ciencias de la Salud;Total Universidades;Centros adscritos;Ambos Sexos;11
1º y 2º ciclo. Ciclo Corto;Ciencias de la Salud;Total Universidades;Centros adscritos;Mujeres;8
1º y 2º ciclo. Ciclo Corto;Ciencias de la Salud;Total Universidades;Centros adscritos;Hombres;3
1º y 2º ciclo. Ciclo Corto;Ciencias de la Salud;Universidades públicas;Total Centros;Ambos Sexos;133
1º y 2º ciclo. Ciclo Corto;Ciencias de la Salud;Universidades públicas;Total Centros;Mujeres;97
1º y 2º ciclo. Ciclo Corto;Ciencias de la Salud;Universidades públicas;Total Centros;Hombres;36
1º y 2º ciclo. Ciclo Corto;Ciencias de la Salud;Universidades públicas;Centros propios;Ambos Sexos;122
1º y 2º ciclo. Ciclo Corto;Ciencias de la Salud;Universidades públicas;Centros propios;Mujeres;89
1º y 2º ciclo. Ciclo Corto;Ciencias de la Salud;Universidades públicas;Centros propios;Hombres;33
1º y 2º ciclo. Ciclo Corto;Ciencias de la Salud;Universidades públicas;Centros adscritos;Ambos Sexos;11
1º y 2º ciclo. Ciclo Corto;Ciencias de la Salud;Universidades públicas;Centros adscritos;Mujeres;8
1º y 2º ciclo. Ciclo Corto;Ciencias de la Salud;Universidades públicas;Centros adscritos;Hombres;3
1º y 2º ciclo. Ciclo Corto;Ciencias de la Salud;Universidades privadas;Total Centros;Ambos Sexos;17
1º y 2º ciclo. Ciclo Corto;Ciencias de la Salud;Universidades privadas;Total Centros;Mujeres;8
1º y 2º ciclo. Ciclo Corto;Ciencias de la Salud;Universidades privadas;Total Centros;Hombres;9
1º y 2º ciclo. Ciclo Corto;Ciencias de la Salud;Universidades privadas;Centros propios;Ambos Sexos;17
1º y 2º ciclo. Ciclo Corto;Ciencias de la Salud;Universidades privadas;Centros propios;Mujeres;8
1º y 2º ciclo. Ciclo Corto;Ciencias de la Salud;Universidades privadas;Centros propios;Hombres;9
1º y 2º ciclo. Ciclo Corto;Ciencias de la Salud;Universidades privadas;Centros adscritos;Ambos Sexos;..
1º y 2º ciclo. Ciclo Corto;Ciencias de la Salud;Universidades privadas;Centros adscritos;Mujeres;..
1º y 2º ciclo. Ciclo Corto;Ciencias de la Salud;Universidades privadas;Centros adscritos;Hombres;..
1º y 2º ciclo. Ciclo Corto;Ciencias;Total Universidades;Total Centros;Ambos Sexos;149
1º y 2º ciclo. Ciclo Corto;Ciencias;Total Universidades;Total Centros;Mujeres;95
1º y 2º ciclo. Ciclo Corto;Ciencias;Total Universidades;Total Centros;Hombres;54
1º y 2º ciclo. Ciclo Corto;Ciencias;Total Universidades;Centros propios;Ambos Sexos;149
1º y 2º ciclo. Ciclo Corto;Ciencias;Total Universidades;Centros propios;Mujeres;95
1º y 2º ciclo. Ciclo Corto;Ciencias;Total Universidades;Centros propios;Hombres;54
1º y 2º ciclo. Ciclo Corto;Ciencias;Total Universidades;Centros adscritos;Ambos Sexos;..
1º y 2º ciclo. Ciclo Corto;Ciencias;Total Universidades;Centros adscritos;Mujeres;..
1º y 2º ciclo. Ciclo Corto;Ciencias;Total Universidades;Centros adscritos;Hombres;..
1º y 2º ciclo. Ciclo Corto;Ciencias;Universidades públicas;Total Centros;Ambos Sexos;136
1º y 2º ciclo. Ciclo Corto;Ciencias;Universidades públicas;Total Centros;Mujeres;88
1º y 2º ciclo. Ciclo Corto;Ciencias;Universidades públicas;Total Centros;Hombres;48
1º y 2º ciclo. Ciclo Corto;Ciencias;Universidades públicas;Centros propios;Ambos Sexos;136
1º y 2º ciclo. Ciclo Corto;Ciencias;Universidades públicas;Centros propios;Mujeres;88
1º y 2º ciclo. Ciclo Corto;Ciencias;Universidades públicas;Centros propios;Hombres;48
1º y 2º ciclo. Ciclo Corto;Ciencias;Universidades públicas;Centros adscritos;Ambos Sexos;..
1º y 2º ciclo. Ciclo Corto;Ciencias;Universidades públicas;Centros adscritos;Mujeres;..
1º y 2º ciclo. Ciclo Corto;Ciencias;Universidades públicas;Centros adscritos;Hombres;..
1º y 2º ciclo. Ciclo Corto;Ciencias;Universidades privadas;Total Centros;Ambos Sexos;13
1º y 2º ciclo. Ciclo Corto;Ciencias;Universidades privadas;Total Centros;Mujeres;7
1º y 2º ciclo. Ciclo Corto;Ciencias;Universidades privadas;Total Centros;Hombres;6
1º y 2º ciclo. Ciclo Corto;Ciencias;Universidades privadas;Centros propios;Ambos Sexos;13
1º y 2º ciclo. Ciclo Corto;Ciencias;Universidades privadas;Centros propios;Mujeres;7
1º y 2º ciclo. Ciclo Corto;Ciencias;Universidades privadas;Centros propios;Hombres;6
1º y 2º ciclo. Ciclo Corto;Ciencias;Universidades privadas;Centros adscritos;Ambos Sexos;..
1º y 2º ciclo. Ciclo Corto;Ciencias;Universidades privadas;Centros adscritos;Mujeres;..
1º y 2º ciclo. Ciclo Corto;Ciencias;Universidades privadas;Centros adscritos;Hombres;..
1º y 2º ciclo. Ciclo Largo;Total Ramas;Total Universidades;Total Centros;Ambos Sexos;84.625
1º y 2º ciclo. Ciclo Largo;Total Ramas;Total Universidades;Total Centros;Mujeres;40.807
1º y 2º ciclo. Ciclo Largo;Total Ramas;Total Universidades;Total Centros;Hombres;43.818
1º y 2º ciclo. Ciclo Largo;Total Ramas;Total Universidades;Centros propios;Ambos Sexos;84.162
1º y 2º ciclo. Ciclo Largo;Total Ramas;Total Universidades;Centros propios;Mujeres;40.578
1º y 2º ciclo. Ciclo Largo;Total Ramas;Total Universidades;Centros propios;Hombres;43.584
1º y 2º ciclo. Ciclo Largo;Total Ramas;Total Universidades;Centros adscritos;Ambos Sexos;463
1º y 2º ciclo. Ciclo Largo;Total Ramas;Total Universidades;Centros adscritos;Mujeres;229
1º y 2º ciclo. Ciclo Largo;Total Ramas;Total Universidades;Centros adscritos;Hombres;234
1º y 2º ciclo. Ciclo Largo;Total Ramas;Universidades públicas;Total Centros;Ambos Sexos;77.611
1º y 2º ciclo. Ciclo Largo;Total Ramas;Universidades públicas;Total Centros;Mujeres;37.801
1º y 2º ciclo. Ciclo Largo;Total Ramas;Universidades públicas;Total Centros;Hombres;39.810
1º y 2º ciclo. Ciclo Largo;Total Ramas;Universidades públicas;Centros propios;Ambos Sexos;77.148
1º y 2º ciclo. Ciclo Largo;Total Ramas;Universidades públicas;Centros propios;Mujeres;37.572
1º y 2º ciclo. Ciclo Largo;Total Ramas;Universidades públicas;Centros propios;Hombres;39.576
1º y 2º ciclo. Ciclo Largo;Total Ramas;Universidades públicas;Centros adscritos;Ambos Sexos;463
1º y 2º ciclo. Ciclo Largo;Total Ramas;Universidades públicas;Centros adscritos;Mujeres;229
1º y 2º ciclo. Ciclo Largo;Total Ramas;Universidades públicas;Centros adscritos;Hombres;234
1º y 2º ciclo. Ciclo Largo;Total Ramas;Universidades privadas;Total Centros;Ambos Sexos;7.014
1º y 2º ciclo. Ciclo Largo;Total Ramas;Universidades privadas;Total Centros;Mujeres;3.006
1º y 2º ciclo. Ciclo Largo;Total Ramas;Universidades privadas;Total Centros;Hombres;4.008
1º y 2º ciclo. Ciclo Largo;Total Ramas;Universidades privadas;Centros propios;Ambos Sexos;7.014
1º y 2º ciclo. Ciclo Largo;Total Ramas;Universidades privadas;Centros propios;Mujeres;3.006
1º y 2º ciclo. Ciclo Largo;Total Ramas;Universidades privadas;Centros propios;Hombres;4.008
1º y 2º ciclo. Ciclo Largo;Total Ramas;Universidades privadas;Centros adscritos;Ambos Sexos;..
1º y 2º ciclo. Ciclo Largo;Total Ramas;Universidades privadas;Centros adscritos;Mujeres;..
1º y 2º ciclo. Ciclo Largo;Total Ramas;Universidades privadas;Centros adscritos;Hombres;..
1º y 2º ciclo. Ciclo Largo;Ciencias Sociales y Jurídicas;Total Universidades;Total Centros;Ambos Sexos;34.397
1º y 2º ciclo. Ciclo Largo;Ciencias Sociales y Jurídicas;Total Universidades;Total Centros;Mujeres;19.097
1º y 2º ciclo. Ciclo Largo;Ciencias Sociales y Jurídicas;Total Universidades;Total Centros;Hombres;15.300
1º y 2º ciclo. Ciclo Largo;Ciencias Sociales y Jurídicas;Total Universidades;Centros propios;Ambos Sexos;33.959
1º y 2º ciclo. Ciclo Largo;Ciencias Sociales y Jurídicas;Total Universidades;Centros propios;Mujeres;18.884
1º y 2º ciclo. Ciclo Largo;Ciencias Sociales y Jurídicas;Total Universidades;Centros propios;Hombres;15.075
1º y 2º ciclo. Ciclo Largo;Ciencias Sociales y Jurídicas;Total Universidades;Centros adscritos;Ambos Sexos;438
1º y 2º ciclo. Ciclo Largo;Ciencias Sociales y Jurídicas;Total Universidades;Centros adscritos;Mujeres;213
1º y 2º ciclo. Ciclo Largo;Ciencias Sociales y Jurídicas;Total Universidades;Centros adscritos;Hombres;225
1º y 2º ciclo. Ciclo Largo;Ciencias Sociales y Jurídicas;Universidades públicas;Total Centros;Ambos Sexos;30.375
1º y 2º ciclo. Ciclo Largo;Ciencias Sociales y Jurídicas;Universidades públicas;Total Centros;Mujeres;17.262
1º y 2º ciclo. Ciclo Largo;Ciencias Sociales y Jurídicas;Universidades públicas;Total Centros;Hombres;13.113
1º y 2º ciclo. Ciclo Largo;Ciencias Sociales y Jurídicas;Universidades públicas;Centros propios;Ambos Sexos;29.937
1º y 2º ciclo. Ciclo Largo;Ciencias Sociales y Jurídicas;Universidades públicas;Centros propios;Mujeres;17.049
1º y 2º ciclo. Ciclo Largo;Ciencias Sociales y Jurídicas;Universidades públicas;Centros propios;Hombres;12.888
1º y 2º ciclo. Ciclo Largo;Ciencias Sociales y Jurídicas;Universidades públicas;Centros adscritos;Ambos Sexos;438
1º y 2º ciclo. Ciclo Largo;Ciencias Sociales y Jurídicas;Universidades públicas;Centros adscritos;Mujeres;213
1º y 2º ciclo. Ciclo Largo;Ciencias Sociales y Jurídicas;Universidades públicas;Centros adscritos;Hombres;225
1º y 2º ciclo. Ciclo Largo;Ciencias Sociales y Jurídicas;Universidades privadas;Total Centros;Ambos Sexos;4.022
1º y 2º ciclo. Ciclo Largo;Ciencias Sociales y Jurídicas;Universidades privadas;Total Centros;Mujeres;1.835
1º y 2º ciclo. Ciclo Largo;Ciencias Sociales y Jurídicas;Universidades privadas;Total Centros;Hombres;2.187
1º y 2º ciclo. Ciclo Largo;Ciencias Sociales y Jurídicas;Universidades privadas;Centros propios;Ambos Sexos;4.022
1º y 2º ciclo. Ciclo Largo;Ciencias Sociales y Jurídicas;Universidades privadas;Centros propios;Mujeres;1.835
1º y 2º ciclo. Ciclo Largo;Ciencias Sociales y Jurídicas;Universidades privadas;Centros propios;Hombres;2.187
1º y 2º ciclo. Ciclo Largo;Ciencias Sociales y Jurídicas;Universidades privadas;Centros adscritos;Ambos Sexos;..
1º y 2º ciclo. Ciclo Largo;Ciencias Sociales y Jurídicas;Universidades privadas;Centros adscritos;Mujeres;..
1º y 2º ciclo. Ciclo Largo;Ciencias Sociales y Jurídicas;Universidades privadas;Centros adscritos;Hombres;..
1º y 2º ciclo. Ciclo Largo;Ingeniería y Arquitectura;Total Universidades;Total Centros;Ambos Sexos;32.472
1º y 2º ciclo. Ciclo Largo;Ingeniería y Arquitectura;Total Universidades;Total Centros;Mujeres;10.748
1º y 2º ciclo. Ciclo Largo;Ingeniería y Arquitectura;Total Universidades;Total Centros;Hombres;21.724
1º y 2º ciclo. Ciclo Largo;Ingeniería y Arquitectura;Total Universidades;Centros propios;Ambos Sexos;32.472
1º y 2º ciclo. Ciclo Largo;Ingeniería y Arquitectura;Total Universidades;Centros propios;Mujeres;10.748
1º y 2º ciclo. Ciclo Largo;Ingeniería y Arquitectura;Total Universidades;Centros propios;Hombres;21.724
1º y 2º ciclo. Ciclo Largo;Ingeniería y Arquitectura;Total Universidades;Centros adscritos;Ambos Sexos;..
1º y 2º ciclo. Ciclo Largo;Ingeniería y Arquitectura;Total Universidades;Centros adscritos;Mujeres;..
1º y 2º ciclo. Ciclo Largo;Ingeniería y Arquitectura;Total Universidades;Centros adscritos;Hombres;..
1º y 2º ciclo. Ciclo Largo;Ingeniería y Arquitectura;Universidades públicas;Total Centros;Ambos Sexos;30.430
1º y 2º ciclo. Ciclo Largo;Ingeniería y Arquitectura;Universidades públicas;Total Centros;Mujeres;10.045
1º y 2º ciclo. Ciclo Largo;Ingeniería y Arquitectura;Universidades públicas;Total Centros;Hombres;20.385
1º y 2º ciclo. Ciclo Largo;Ingeniería y Arquitectura;Universidades públicas;Centros propios;Ambos Sexos;30.430
1º y 2º ciclo. Ciclo Largo;Ingeniería y Arquitectura;Universidades públicas;Centros propios;Mujeres;10.045
1º y 2º ciclo. Ciclo Largo;Ingeniería y Arquitectura;Universidades públicas;Centros propios;Hombres;20.385
1º y 2º ciclo. Ciclo Largo;Ingeniería y Arquitectura;Universidades públicas;Centros adscritos;Ambos Sexos;..
1º y 2º ciclo. Ciclo Largo;Ingeniería y Arquitectura;Universidades públicas;Centros adscritos;Mujeres;..
1º y 2º ciclo. Ciclo Largo;Ingeniería y Arquitectura;Universidades públicas;Centros adscritos;Hombres;..
1º y 2º ciclo. Ciclo Largo;Ingeniería y Arquitectura;Universidades privadas;Total Centros;Ambos Sexos;2.042
1º y 2º ciclo. Ciclo Largo;Ingeniería y Arquitectura;Universidades privadas;Total Centros;Mujeres;703
1º y 2º ciclo. Ciclo Largo;Ingeniería y Arquitectura;Universidades privadas;Total Centros;Hombres;1.339
1º y 2º ciclo. Ciclo Largo;Ingeniería y Arquitectura;Universidades privadas;Centros propios;Ambos Sexos;2.042
1º y 2º ciclo. Ciclo Largo;Ingeniería y Arquitectura;Universidades privadas;Centros propios;Mujeres;703
1º y 2º ciclo. Ciclo Largo;Ingeniería y Arquitectura;Universidades privadas;Centros propios;Hombres;1.339
1º y 2º ciclo. Ciclo Largo;Ingeniería y Arquitectura;Universidades privadas;Centros adscritos;Ambos Sexos;..
1º y 2º ciclo. Ciclo Largo;Ingeniería y Arquitectura;Universidades privadas;Centros adscritos;Mujeres;..
1º y 2º ciclo. Ciclo Largo;Ingeniería y Arquitectura;Universidades privadas;Centros adscritos;Hombres;..
1º y 2º ciclo. Ciclo Largo;Artes y Humanidades;Total Universidades;Total Centros;Ambos Sexos;5.470
1º y 2º ciclo. Ciclo Largo;Artes y Humanidades;Total Universidades;Total Centros;Mujeres;3.372
1º y 2º ciclo. Ciclo Largo;Artes y Humanidades;Total Universidades;Total Centros;Hombres;2.098
1º y 2º ciclo. Ciclo Largo;Artes y Humanidades;Total Universidades;Centros propios;Ambos Sexos;5.445
1º y 2º ciclo. Ciclo Largo;Artes y Humanidades;Total Universidades;Centros propios;Mujeres;3.356
1º y 2º ciclo. Ciclo Largo;Artes y Humanidades;Total Universidades;Centros propios;Hombres;2.089
1º y 2º ciclo. Ciclo Largo;Artes y Humanidades;Total Universidades;Centros adscritos;Ambos Sexos;25
1º y 2º ciclo. Ciclo Largo;Artes y Humanidades;Total Universidades;Centros adscritos;Mujeres;16
1º y 2º ciclo. Ciclo Largo;Artes y Humanidades;Total Universidades;Centros adscritos;Hombres;9
1º y 2º ciclo. Ciclo Largo;Artes y Humanidades;Universidades públicas;Total Centros;Ambos Sexos;5.313
1º y 2º ciclo. Ciclo Largo;Artes y Humanidades;Universidades públicas;Total Centros;Mujeres;3.281
1º y 2º ciclo. Ciclo Largo;Artes y Humanidades;Universidades públicas;Total Centros;Hombres;2.032
1º y 2º ciclo. Ciclo Largo;Artes y Humanidades;Universidades públicas;Centros propios;Ambos Sexos;5.288
1º y 2º ciclo. Ciclo Largo;Artes y Humanidades;Universidades públicas;Centros propios;Mujeres;3.265
1º y 2º ciclo. Ciclo Largo;Artes y Humanidades;Universidades públicas;Centros propios;Hombres;2.023
1º y 2º ciclo. Ciclo Largo;Artes y Humanidades;Universidades públicas;Centros adscritos;Ambos Sexos;25
1º y 2º ciclo. Ciclo Largo;Artes y Humanidades;Universidades públicas;Centros adscritos;Mujeres;16
1º y 2º ciclo. Ciclo Largo;Artes y Humanidades;Universidades públicas;Centros adscritos;Hombres;9
1º y 2º ciclo. Ciclo Largo;Artes y Humanidades;Universidades privadas;Total Centros;Ambos Sexos;157
1º y 2º ciclo. Ciclo Largo;Artes y Humanidades;Universidades privadas;Total Centros;Mujeres;91
1º y 2º ciclo. Ciclo Largo;Artes y Humanidades;Universidades privadas;Total Centros;Hombres;66
1º y 2º ciclo. Ciclo Largo;Artes y Humanidades;Universidades privadas;Centros propios;Ambos Sexos;157
1º y 2º ciclo. Ciclo Largo;Artes y Humanidades;Universidades privadas;Centros propios;Mujeres;91
1º y 2º ciclo. Ciclo Largo;Artes y Humanidades;Universidades privadas;Centros propios;Hombres;66
1º y 2º ciclo. Ciclo Largo;Artes y Humanidades;Universidades privadas;Centros adscritos;Ambos Sexos;..
1º y 2º ciclo. Ciclo Largo;Artes y Humanidades;Universidades privadas;Centros adscritos;Mujeres;..
1º y 2º ciclo. Ciclo Largo;Artes y Humanidades;Universidades privadas;Centros adscritos;Hombres;..
1º y 2º ciclo. Ciclo Largo;Ciencias de la Salud;Total Universidades;Total Centros;Ambos Sexos;7.933
1º y 2º ciclo. Ciclo Largo;Ciencias de la Salud;Total Universidades;Total Centros;Mujeres;5.282
1º y 2º ciclo. Ciclo Largo;Ciencias de la Salud;Total Universidades;Total Centros;Hombres;2.651
1º y 2º ciclo. Ciclo Largo;Ciencias de la Salud;Total Universidades;Centros propios;Ambos Sexos;7.933
1º y 2º ciclo. Ciclo Largo;Ciencias de la Salud;Total Universidades;Centros propios;Mujeres;5.282
1º y 2º ciclo. Ciclo Largo;Ciencias de la Salud;Total Universidades;Centros propios;Hombres;2.651
1º y 2º ciclo. Ciclo Largo;Ciencias de la Salud;Total Universidades;Centros adscritos;Ambos Sexos;..
1º y 2º ciclo. Ciclo Largo;Ciencias de la Salud;Total Universidades;Centros adscritos;Mujeres;..
1º y 2º ciclo. Ciclo Largo;Ciencias de la Salud;Total Universidades;Centros adscritos;Hombres;..
1º y 2º ciclo. Ciclo Largo;Ciencias de la Salud;Universidades públicas;Total Centros;Ambos Sexos;7.192
1º y 2º ciclo. Ciclo Largo;Ciencias de la Salud;Universidades públicas;Total Centros;Mujeres;4.922
1º y 2º ciclo. Ciclo Largo;Ciencias de la Salud;Universidades públicas;Total Centros;Hombres;2.270
1º y 2º ciclo. Ciclo Largo;Ciencias de la Salud;Universidades públicas;Centros propios;Ambos Sexos;7.192
1º y 2º ciclo. Ciclo Largo;Ciencias de la Salud;Universidades públicas;Centros propios;Mujeres;4.922
1º y 2º ciclo. Ciclo Largo;Ciencias de la Salud;Universidades públicas;Centros propios;Hombres;2.270
1º y 2º ciclo. Ciclo Largo;Ciencias de la Salud;Universidades públicas;Centros adscritos;Ambos Sexos;..
1º y 2º ciclo. Ciclo Largo;Ciencias de la Salud;Universidades públicas;Centros adscritos;Mujeres;..
1º y 2º ciclo. Ciclo Largo;Ciencias de la Salud;Universidades públicas;Centros adscritos;Hombres;..
1º y 2º ciclo. Ciclo Largo;Ciencias de la Salud;Universidades privadas;Total Centros;Ambos Sexos;741
1º y 2º ciclo. Ciclo Largo;Ciencias de la Salud;Universidades privadas;Total Centros;Mujeres;360
1º y 2º ciclo. Ciclo Largo;Ciencias de la Salud;Universidades privadas;Total Centros;Hombres;381
1º y 2º ciclo. Ciclo Largo;Ciencias de la Salud;Universidades privadas;Centros propios;Ambos Sexos;741
1º y 2º ciclo. Ciclo Largo;Ciencias de la Salud;Universidades privadas;Centros propios;Mujeres;360
1º y 2º ciclo. Ciclo Largo;Ciencias de la Salud;Universidades privadas;Centros propios;Hombres;381
1º y 2º ciclo. Ciclo Largo;Ciencias de la Salud;Universidades privadas;Centros adscritos;Ambos Sexos;..
1º y 2º ciclo. Ciclo Largo;Ciencias de la Salud;Universidades privadas;Centros adscritos;Mujeres;..
1º y 2º ciclo. Ciclo Largo;Ciencias de la Salud;Universidades privadas;Centros adscritos;Hombres;..
1º y 2º ciclo. Ciclo Largo;Ciencias;Total Universidades;Total Centros;Ambos Sexos;4.353
1º y 2º ciclo. Ciclo Largo;Ciencias;Total Universidades;Total Centros;Mujeres;2.308
1º y 2º ciclo. Ciclo Largo;Ciencias;Total Universidades;Total Centros;Hombres;2.045
1º y 2º ciclo. Ciclo Largo;Ciencias;Total Universidades;Centros propios;Ambos Sexos;4.353
1º y 2º ciclo. Ciclo Largo;Ciencias;Total Universidades;Centros propios;Mujeres;2.308
1º y 2º ciclo. Ciclo Largo;Ciencias;Total Universidades;Centros propios;Hombres;2.045
1º y 2º ciclo. Ciclo Largo;Ciencias;Total Universidades;Centros adscritos;Ambos Sexos;..
1º y 2º ciclo. Ciclo Largo;Ciencias;Total Universidades;Centros adscritos;Mujeres;..
1º y 2º ciclo. Ciclo Largo;Ciencias;Total Universidades;Centros adscritos;Hombres;..
1º y 2º ciclo. Ciclo Largo;Ciencias;Universidades públicas;Total Centros;Ambos Sexos;4.301
1º y 2º ciclo. Ciclo Largo;Ciencias;Universidades públicas;Total Centros;Mujeres;2.291
1º y 2º ciclo. Ciclo Largo;Ciencias;Universidades públicas;Total Centros;Hombres;2.010
1º y 2º ciclo. Ciclo Largo;Ciencias;Universidades públicas;Centros propios;Ambos Sexos;4.301
1º y 2º ciclo. Ciclo Largo;Ciencias;Universidades públicas;Centros propios;Mujeres;2.291
1º y 2º ciclo. Ciclo Largo;Ciencias;Universidades públicas;Centros propios;Hombres;2.010
1º y 2º ciclo. Ciclo Largo;Ciencias;Universidades públicas;Centros adscritos;Ambos Sexos;..
1º y 2º ciclo. Ciclo Largo;Ciencias;Universidades públicas;Centros adscritos;Mujeres;..
1º y 2º ciclo. Ciclo Largo;Ciencias;Universidades públicas;Centros adscritos;Hombres;..
1º y 2º ciclo. Ciclo Largo;Ciencias;Universidades privadas;Total Centros;Ambos Sexos;52
1º y 2º ciclo. Ciclo Largo;Ciencias;Universidades privadas;Total Centros;Mujeres;17
1º y 2º ciclo. Ciclo Largo;Ciencias;Universidades privadas;Total Centros;Hombres;35
1º y 2º ciclo. Ciclo Largo;Ciencias;Universidades privadas;Centros propios;Ambos Sexos;52
1º y 2º ciclo. Ciclo Largo;Ciencias;Universidades privadas;Centros propios;Mujeres;17
1º y 2º ciclo. Ciclo Largo;Ciencias;Universidades privadas;Centros propios;Hombres;35
1º y 2º ciclo. Ciclo Largo;Ciencias;Universidades privadas;Centros adscritos;Ambos Sexos;..
1º y 2º ciclo. Ciclo Largo;Ciencias;Universidades privadas;Centros adscritos;Mujeres;..
1º y 2º ciclo. Ciclo Largo;Ciencias;Universidades privadas;Centros adscritos;Hombres;..
1º y 2º ciclo. Solo Segundo Ciclo;Total Ramas;Total Universidades;Total Centros;Ambos Sexos;8.019
1º y 2º ciclo. Solo Segundo Ciclo;Total Ramas;Total Universidades;Total Centros;Mujeres;4.419
1º y 2º ciclo. Solo Segundo Ciclo;Total Ramas;Total Universidades;Total Centros;Hombres;3.600
1º y 2º ciclo. Solo Segundo Ciclo;Total Ramas;Total Universidades;Centros propios;Ambos Sexos;7.961
1º y 2º ciclo. Solo Segundo Ciclo;Total Ramas;Total Universidades;Centros propios;Mujeres;4.374
1º y 2º ciclo. Solo Segundo Ciclo;Total Ramas;Total Universidades;Centros propios;Hombres;3.587
1º y 2º ciclo. Solo Segundo Ciclo;Total Ramas;Total Universidades;Centros adscritos;Ambos Sexos;58
1º y 2º ciclo. Solo Segundo Ciclo;Total Ramas;Total Universidades;Centros adscritos;Mujeres;45
1º y 2º ciclo. Solo Segundo Ciclo;Total Ramas;Total Universidades;Centros adscritos;Hombres;13
1º y 2º ciclo. Solo Segundo Ciclo;Total Ramas;Universidades públicas;Total Centros;Ambos Sexos;6.073
1º y 2º ciclo. Solo Segundo Ciclo;Total Ramas;Universidades públicas;Total Centros;Mujeres;2.995
1º y 2º ciclo. Solo Segundo Ciclo;Total Ramas;Universidades públicas;Total Centros;Hombres;3.078
1º y 2º ciclo. Solo Segundo Ciclo;Total Ramas;Universidades públicas;Centros propios;Ambos Sexos;6.015
1º y 2º ciclo. Solo Segundo Ciclo;Total Ramas;Universidades públicas;Centros propios;Mujeres;2.950
1º y 2º ciclo. Solo Segundo Ciclo;Total Ramas;Universidades públicas;Centros propios;Hombres;3.065
1º y 2º ciclo. Solo Segundo Ciclo;Total Ramas;Universidades públicas;Centros adscritos;Ambos Sexos;58
1º y 2º ciclo. Solo Segundo Ciclo;Total Ramas;Universidades públicas;Centros adscritos;Mujeres;45
1º y 2º ciclo. Solo Segundo Ciclo;Total Ramas;Universidades públicas;Centros adscritos;Hombres;13
1º y 2º ciclo. Solo Segundo Ciclo;Total Ramas;Universidades privadas;Total Centros;Ambos Sexos;1.946
1º y 2º ciclo. Solo Segundo Ciclo;Total Ramas;Universidades privadas;Total Centros;Mujeres;1.424
1º y 2º ciclo. Solo Segundo Ciclo;Total Ramas;Universidades privadas;Total Centros;Hombres;522
1º y 2º ciclo. Solo Segundo Ciclo;Total Ramas;Universidades privadas;Centros propios;Ambos Sexos;1.946
1º y 2º ciclo. Solo Segundo Ciclo;Total Ramas;Universidades privadas;Centros propios;Mujeres;1.424
1º y 2º ciclo. Solo Segundo Ciclo;Total Ramas;Universidades privadas;Centros propios;Hombres;522
1º y 2º ciclo. Solo Segundo Ciclo;Total Ramas;Universidades privadas;Centros adscritos;Ambos Sexos;..
1º y 2º ciclo. Solo Segundo Ciclo;Total Ramas;Universidades privadas;Centros adscritos;Mujeres;..
1º y 2º ciclo. Solo Segundo Ciclo;Total Ramas;Universidades privadas;Centros adscritos;Hombres;..
1º y 2º ciclo. Solo Segundo Ciclo;Ciencias Sociales y Jurídicas;Total Universidades;Total Centros;Ambos Sexos;3.902
1º y 2º ciclo. Solo Segundo Ciclo;Ciencias Sociales y Jurídicas;Total Universidades;Total Centros;Mujeres;2.872
1º y 2º ciclo. Solo Segundo Ciclo;Ciencias Sociales y Jurídicas;Total Universidades;Total Centros;Hombres;1.030
1º y 2º ciclo. Solo Segundo Ciclo;Ciencias Sociales y Jurídicas;Total Universidades;Centros propios;Ambos Sexos;3.844
1º y 2º ciclo. Solo Segundo Ciclo;Ciencias Sociales y Jurídicas;Total Universidades;Centros propios;Mujeres;2.827
1º y 2º ciclo. Solo Segundo Ciclo;Ciencias Sociales y Jurídicas;Total Universidades;Centros propios;Hombres;1.017
1º y 2º ciclo. Solo Segundo Ciclo;Ciencias Sociales y Jurídicas;Total Universidades;Centros adscritos;Ambos Sexos;58
1º y 2º ciclo. Solo Segundo Ciclo;Ciencias Sociales y Jurídicas;Total Universidades;Centros adscritos;Mujeres;45
1º y 2º ciclo. Solo Segundo Ciclo;Ciencias Sociales y Jurídicas;Total Universidades;Centros adscritos;Hombres;13
1º y 2º ciclo. Solo Segundo Ciclo;Ciencias Sociales y Jurídicas;Universidades públicas;Total Centros;Ambos Sexos;2.301
1º y 2º ciclo. Solo Segundo Ciclo;Ciencias Sociales y Jurídicas;Universidades públicas;Total Centros;Mujeres;1.601
1º y 2º ciclo. Solo Segundo Ciclo;Ciencias Sociales y Jurídicas;Universidades públicas;Total Centros;Hombres;700
1º y 2º ciclo. Solo Segundo Ciclo;Ciencias Sociales y Jurídicas;Universidades públicas;Centros propios;Ambos Sexos;2.243
1º y 2º ciclo. Solo Segundo Ciclo;Ciencias Sociales y Jurídicas;Universidades públicas;Centros propios;Mujeres;1.556
1º y 2º ciclo. Solo Segundo Ciclo;Ciencias Sociales y Jurídicas;Universidades públicas;Centros propios;Hombres;687
1º y 2º ciclo. Solo Segundo Ciclo;Ciencias Sociales y Jurídicas;Universidades públicas;Centros adscritos;Ambos Sexos;58
1º y 2º ciclo. Solo Segundo Ciclo;Ciencias Sociales y Jurídicas;Universidades públicas;Centros adscritos;Mujeres;45
1º y 2º ciclo. Solo Segundo Ciclo;Ciencias Sociales y Jurídicas;Universidades públicas;Centros adscritos;Hombres;13
1º y 2º ciclo. Solo Segundo Ciclo;Ciencias Sociales y Jurídicas;Universidades privadas;Total Centros;Ambos Sexos;1.601
1º y 2º ciclo. Solo Segundo Ciclo;Ciencias Sociales y Jurídicas;Universidades privadas;Total Centros;Mujeres;1.271
1º y 2º ciclo. Solo Segundo Ciclo;Ciencias Sociales y Jurídicas;Universidades privadas;Total Centros;Hombres;330
1º y 2º ciclo. Solo Segundo Ciclo;Ciencias Sociales y Jurídicas;Universidades privadas;Centros propios;Ambos Sexos;1.601
1º y 2º ciclo. Solo Segundo Ciclo;Ciencias Sociales y Jurídicas;Universidades privadas;Centros propios;Mujeres;1.271
1º y 2º ciclo. Solo Segundo Ciclo;Ciencias Sociales y Jurídicas;Universidades privadas;Centros propios;Hombres;330
1º y 2º ciclo. Solo Segundo Ciclo;Ciencias Sociales y Jurídicas;Universidades privadas;Centros adscritos;Ambos Sexos;..
1º y 2º ciclo. Solo Segundo Ciclo;Ciencias Sociales y Jurídicas;Universidades privadas;Centros adscritos;Mujeres;..
1º y 2º ciclo. Solo Segundo Ciclo;Ciencias Sociales y Jurídicas;Universidades privadas;Centros adscritos;Hombres;..
1º y 2º ciclo. Solo Segundo Ciclo;Ingeniería y Arquitectura;Total Universidades;Total Centros;Ambos Sexos;2.768
1º y 2º ciclo. Solo Segundo Ciclo;Ingeniería y Arquitectura;Total Universidades;Total Centros;Mujeres;717
1º y 2º ciclo. Solo Segundo Ciclo;Ingeniería y Arquitectura;Total Universidades;Total Centros;Hombres;2.051
1º y 2º ciclo. Solo Segundo Ciclo;Ingeniería y Arquitectura;Total Universidades;Centros propios;Ambos Sexos;2.768
1º y 2º ciclo. Solo Segundo Ciclo;Ingeniería y Arquitectura;Total Universidades;Centros propios;Mujeres;717
1º y 2º ciclo. Solo Segundo Ciclo;Ingeniería y Arquitectura;Total Universidades;Centros propios;Hombres;2.051
1º y 2º ciclo. Solo Segundo Ciclo;Ingeniería y Arquitectura;Total Universidades;Centros adscritos;Ambos Sexos;..
1º y 2º ciclo. Solo Segundo Ciclo;Ingeniería y Arquitectura;Total Universidades;Centros adscritos;Mujeres;..
1º y 2º ciclo. Solo Segundo Ciclo;Ingeniería y Arquitectura;Total Universidades;Centros adscritos;Hombres;..
1º y 2º ciclo. Solo Segundo Ciclo;Ingeniería y Arquitectura;Universidades públicas;Total Centros;Ambos Sexos;2.622
1º y 2º ciclo. Solo Segundo Ciclo;Ingeniería y Arquitectura;Universidades públicas;Total Centros;Mujeres;679
1º y 2º ciclo. Solo Segundo Ciclo;Ingeniería y Arquitectura;Universidades públicas;Total Centros;Hombres;1.943
1º y 2º ciclo. Solo Segundo Ciclo;Ingeniería y Arquitectura;Universidades públicas;Centros propios;Ambos Sexos;2.622
1º y 2º ciclo. Solo Segundo Ciclo;Ingeniería y Arquitectura;Universidades públicas;Centros propios;Mujeres;679
1º y 2º ciclo. Solo Segundo Ciclo;Ingeniería y Arquitectura;Universidades públicas;Centros propios;Hombres;1.943
1º y 2º ciclo. Solo Segundo Ciclo;Ingeniería y Arquitectura;Universidades públicas;Centros adscritos;Ambos Sexos;..
1º y 2º ciclo. Solo Segundo Ciclo;Ingeniería y Arquitectura;Universidades públicas;Centros adscritos;Mujeres;..
1º y 2º ciclo. Solo Segundo Ciclo;Ingeniería y Arquitectura;Universidades públicas;Centros adscritos;Hombres;..
1º y 2º ciclo. Solo Segundo Ciclo;Ingeniería y Arquitectura;Universidades privadas;Total Centros;Ambos Sexos;146
1º y 2º ciclo. Solo Segundo Ciclo;Ingeniería y Arquitectura;Universidades privadas;Total Centros;Mujeres;38
1º y 2º ciclo. Solo Segundo Ciclo;Ingeniería y Arquitectura;Universidades privadas;Total Centros;Hombres;108
1º y 2º ciclo. Solo Segundo Ciclo;Ingeniería y Arquitectura;Universidades privadas;Centros propios;Ambos Sexos;146
1º y 2º ciclo. Solo Segundo Ciclo;Ingeniería y Arquitectura;Universidades privadas;Centros propios;Mujeres;38
1º y 2º ciclo. Solo Segundo Ciclo;Ingeniería y Arquitectura;Universidades privadas;Centros propios;Hombres;108
1º y 2º ciclo. Solo Segundo Ciclo;Ingeniería y Arquitectura;Universidades privadas;Centros adscritos;Ambos Sexos;..
1º y 2º ciclo. Solo Segundo Ciclo;Ingeniería y Arquitectura;Universidades privadas;Centros adscritos;Mujeres;..
1º y 2º ciclo. Solo Segundo Ciclo;Ingeniería y Arquitectura;Universidades privadas;Centros adscritos;Hombres;..
1º y 2º ciclo. Solo Segundo Ciclo;Artes y Humanidades;Total Universidades;Total Centros;Ambos Sexos;885
1º y 2º ciclo. Solo Segundo Ciclo;Artes y Humanidades;Total Universidades;Total Centros;Mujeres;530
1º y 2º ciclo. Solo Segundo Ciclo;Artes y Humanidades;Total Universidades;Total Centros;Hombres;355
1º y 2º ciclo. Solo Segundo Ciclo;Artes y Humanidades;Total Universidades;Centros propios;Ambos Sexos;885
1º y 2º ciclo. Solo Segundo Ciclo;Artes y Humanidades;Total Universidades;Centros propios;Mujeres;530
1º y 2º ciclo. Solo Segundo Ciclo;Artes y Humanidades;Total Universidades;Centros propios;Hombres;355
1º y 2º ciclo. Solo Segundo Ciclo;Artes y Humanidades;Total Universidades;Centros adscritos;Ambos Sexos;..
1º y 2º ciclo. Solo Segundo Ciclo;Artes y Humanidades;Total Universidades;Centros adscritos;Mujeres;..
1º y 2º ciclo. Solo Segundo Ciclo;Artes y Humanidades;Total Universidades;Centros adscritos;Hombres;..
1º y 2º ciclo. Solo Segundo Ciclo;Artes y Humanidades;Universidades públicas;Total Centros;Ambos Sexos;687
1º y 2º ciclo. Solo Segundo Ciclo;Artes y Humanidades;Universidades públicas;Total Centros;Mujeres;416
1º y 2º ciclo. Solo Segundo Ciclo;Artes y Humanidades;Universidades públicas;Total Centros;Hombres;271
1º y 2º ciclo. Solo Segundo Ciclo;Artes y Humanidades;Universidades públicas;Centros propios;Ambos Sexos;687
1º y 2º ciclo. Solo Segundo Ciclo;Artes y Humanidades;Universidades públicas;Centros propios;Mujeres;416
1º y 2º ciclo. Solo Segundo Ciclo;Artes y Humanidades;Universidades públicas;Centros propios;Hombres;271
1º y 2º ciclo. Solo Segundo Ciclo;Artes y Humanidades;Universidades públicas;Centros adscritos;Ambos Sexos;..
1º y 2º ciclo. Solo Segundo Ciclo;Artes y Humanidades;Universidades públicas;Centros adscritos;Mujeres;..
1º y 2º ciclo. Solo Segundo Ciclo;Artes y Humanidades;Universidades públicas;Centros adscritos;Hombres;..
1º y 2º ciclo. Solo Segundo Ciclo;Artes y Humanidades;Universidades privadas;Total Centros;Ambos Sexos;198
1º y 2º ciclo. Solo Segundo Ciclo;Artes y Humanidades;Universidades privadas;Total Centros;Mujeres;114
1º y 2º ciclo. Solo Segundo Ciclo;Artes y Humanidades;Universidades privadas;Total Centros;Hombres;84
1º y 2º ciclo. Solo Segundo Ciclo;Artes y Humanidades;Universidades privadas;Centros propios;Ambos Sexos;198
1º y 2º ciclo. Solo Segundo Ciclo;Artes y Humanidades;Universidades privadas;Centros propios;Mujeres;114
1º y 2º ciclo. Solo Segundo Ciclo;Artes y Humanidades;Universidades privadas;Centros propios;Hombres;84
1º y 2º ciclo. Solo Segundo Ciclo;Artes y Humanidades;Universidades privadas;Centros adscritos;Ambos Sexos;..
1º y 2º ciclo. Solo Segundo Ciclo;Artes y Humanidades;Universidades privadas;Centros adscritos;Mujeres;..
1º y 2º ciclo. Solo Segundo Ciclo;Artes y Humanidades;Universidades privadas;Centros adscritos;Hombres;..
1º y 2º ciclo. Solo Segundo Ciclo;Ciencias de la Salud;Total Universidades;Total Centros;Ambos Sexos;..
1º y 2º ciclo. Solo Segundo Ciclo;Ciencias de la Salud;Total Universidades;Total Centros;Mujeres;..
1º y 2º ciclo. Solo Segundo Ciclo;Ciencias de la Salud;Total Universidades;Total Centros;Hombres;..
1º y 2º ciclo. Solo Segundo Ciclo;Ciencias de la Salud;Total Universidades;Centros propios;Ambos Sexos;..
1º y 2º ciclo. Solo Segundo Ciclo;Ciencias de la Salud;Total Universidades;Centros propios;Mujeres;..
1º y 2º ciclo. Solo Segundo Ciclo;Ciencias de la Salud;Total Universidades;Centros propios;Hombres;..
1º y 2º ciclo. Solo Segundo Ciclo;Ciencias de la Salud;Total Universidades;Centros adscritos;Ambos Sexos;..
1º y 2º ciclo. Solo Segundo Ciclo;Ciencias de la Salud;Total Universidades;Centros adscritos;Mujeres;..
1º y 2º ciclo. Solo Segundo Ciclo;Ciencias de la Salud;Total Universidades;Centros adscritos;Hombres;..
1º y 2º ciclo. Solo Segundo Ciclo;Ciencias de la Salud;Universidades públicas;Total Centros;Ambos Sexos;..
1º y 2º ciclo. Solo Segundo Ciclo;Ciencias de la Salud;Universidades públicas;Total Centros;Mujeres;..
1º y 2º ciclo. Solo Segundo Ciclo;Ciencias de la Salud;Universidades públicas;Total Centros;Hombres;..
1º y 2º ciclo. Solo Segundo Ciclo;Ciencias de la Salud;Universidades públicas;Centros propios;Ambos Sexos;..
1º y 2º ciclo. Solo Segundo Ciclo;Ciencias de la Salud;Universidades públicas;Centros propios;Mujeres;..
1º y 2º ciclo. Solo Segundo Ciclo;Ciencias de la Salud;Universidades públicas;Centros propios;Hombres;..
1º y 2º ciclo. Solo Segundo Ciclo;Ciencias de la Salud;Universidades públicas;Centros adscritos;Ambos Sexos;..
1º y 2º ciclo. Solo Segundo Ciclo;Ciencias de la Salud;Universidades públicas;Centros adscritos;Mujeres;..
1º y 2º ciclo. Solo Segundo Ciclo;Ciencias de la Salud;Universidades públicas;Centros adscritos;Hombres;..
1º y 2º ciclo. Solo Segundo Ciclo;Ciencias de la Salud;Universidades privadas;Total Centros;Ambos Sexos;..
1º y 2º ciclo. Solo Segundo Ciclo;Ciencias de la Salud;Universidades privadas;Total Centros;Mujeres;..
1º y 2º ciclo. Solo Segundo Ciclo;Ciencias de la Salud;Universidades privadas;Total Centros;Hombres;..
1º y 2º ciclo. Solo Segundo Ciclo;Ciencias de la Salud;Universidades privadas;Centros propios;Ambos Sexos;..
1º y 2º ciclo. Solo Segundo Ciclo;Ciencias de la Salud;Universidades privadas;Centros propios;Mujeres;..
1º y 2º ciclo. Solo Segundo Ciclo;Ciencias de la Salud;Universidades privadas;Centros propios;Hombres;..
1º y 2º ciclo. Solo Segundo Ciclo;Ciencias de la Salud;Universidades privadas;Centros adscritos;Ambos Sexos;..
1º y 2º ciclo. Solo Segundo Ciclo;Ciencias de la Salud;Universidades privadas;Centros adscritos;Mujeres;..
1º y 2º ciclo. Solo Segundo Ciclo;Ciencias de la Salud;Universidades privadas;Centros adscritos;Hombres;..
1º y 2º ciclo. Solo Segundo Ciclo;Ciencias;Total Universidades;Total Centros;Ambos Sexos;464
1º y 2º ciclo. Solo Segundo Ciclo;Ciencias;Total Universidades;Total Centros;Mujeres;300
1º y 2º ciclo. Solo Segundo Ciclo;Ciencias;Total Universidades;Total Centros;Hombres;164
1º y 2º ciclo. Solo Segundo Ciclo;Ciencias;Total Universidades;Centros propios;Ambos Sexos;464
1º y 2º ciclo. Solo Segundo Ciclo;Ciencias;Total Universidades;Centros propios;Mujeres;300
1º y 2º ciclo. Solo Segundo Ciclo;Ciencias;Total Universidades;Centros propios;Hombres;164
1º y 2º ciclo. Solo Segundo Ciclo;Ciencias;Total Universidades;Centros adscritos;Ambos Sexos;..
1º y 2º ciclo. Solo Segundo Ciclo;Ciencias;Total Universidades;Centros adscritos;Mujeres;..
1º y 2º ciclo. Solo Segundo Ciclo;Ciencias;Total Universidades;Centros adscritos;Hombres;..
1º y 2º ciclo. Solo Segundo Ciclo;Ciencias;Universidades públicas;Total Centros;Ambos Sexos;463
1º y 2º ciclo. Solo Segundo Ciclo;Ciencias;Universidades públicas;Total Centros;Mujeres;299
1º y 2º ciclo. Solo Segundo Ciclo;Ciencias;Universidades públicas;Total Centros;Hombres;164
1º y 2º ciclo. Solo Segundo Ciclo;Ciencias;Universidades públicas;Centros propios;Ambos Sexos;463
1º y 2º ciclo. Solo Segundo Ciclo;Ciencias;Universidades públicas;Centros propios;Mujeres;299
1º y 2º ciclo. Solo Segundo Ciclo;Ciencias;Universidades públicas;Centros propios;Hombres;164
1º y 2º ciclo. Solo Segundo Ciclo;Ciencias;Universidades públicas;Centros adscritos;Ambos Sexos;..
1º y 2º ciclo. Solo Segundo Ciclo;Ciencias;Universidades públicas;Centros adscritos;Mujeres;..
1º y 2º ciclo. Solo Segundo Ciclo;Ciencias;Universidades públicas;Centros adscritos;Hombres;..
1º y 2º ciclo. Solo Segundo Ciclo;Ciencias;Universidades privadas;Total Centros;Ambos Sexos;1
1º y 2º ciclo. Solo Segundo Ciclo;Ciencias;Universidades privadas;Total Centros;Mujeres;1
1º y 2º ciclo. Solo Segundo Ciclo;Ciencias;Universidades privadas;Total Centros;Hombres;..
1º y 2º ciclo. Solo Segundo Ciclo;Ciencias;Universidades privadas;Centros propios;Ambos Sexos;1
1º y 2º ciclo. Solo Segundo Ciclo;Ciencias;Universidades privadas;Centros propios;Mujeres;1
1º y 2º ciclo. Solo Segundo Ciclo;Ciencias;Universidades privadas;Centros propios;Hombres;..
1º y 2º ciclo. Solo Segundo Ciclo;Ciencias;Universidades privadas;Centros adscritos;Ambos Sexos;..
1º y 2º ciclo. Solo Segundo Ciclo;Ciencias;Universidades privadas;Centros adscritos;Mujeres;..
1º y 2º ciclo. Solo Segundo Ciclo;Ciencias;Universidades privadas;Centros adscritos;Hombres;..
