Nivel y Ciclo;Grupo de edad;Tipo de universidad;Tipo de centro;Sexo;Total
Total Grado y 1º y 2º Ciclo;Todas las edades;Total Universidades;Total Centros;Ambos Sexos;1.416.827
Total Grado y 1º y 2º Ciclo;Todas las edades;Total Universidades;Total Centros;Mujeres;769.162
Total Grado y 1º y 2º Ciclo;Todas las edades;Total Universidades;Total Centros;Hombres;647.665
Total Grado y 1º y 2º Ciclo;Todas las edades;Total Universidades;Centros propios;Ambos Sexos;1.353.264
Total Grado y 1º y 2º Ciclo;Todas las edades;Total Universidades;Centros propios;Mujeres;731.718
Total Grado y 1º y 2º Ciclo;Todas las edades;Total Universidades;Centros propios;Hombres;621.546
Total Grado y 1º y 2º Ciclo;Todas las edades;Total Universidades;Centros adscritos;Ambos Sexos;63.563
Total Grado y 1º y 2º Ciclo;Todas las edades;Total Universidades;Centros adscritos;Mujeres;37.444
Total Grado y 1º y 2º Ciclo;Todas las edades;Total Universidades;Centros adscritos;Hombres;26.119
Total Grado y 1º y 2º Ciclo;Todas las edades;Universidades públicas;Total Centros;Ambos Sexos;1.239.142
Total Grado y 1º y 2º Ciclo;Todas las edades;Universidades públicas;Total Centros;Mujeres;671.070
Total Grado y 1º y 2º Ciclo;Todas las edades;Universidades públicas;Total Centros;Hombres;568.072
Total Grado y 1º y 2º Ciclo;Todas las edades;Universidades públicas;Centros propios;Ambos Sexos;1.179.941
Total Grado y 1º y 2º Ciclo;Todas las edades;Universidades públicas;Centros propios;Mujeres;635.997
Total Grado y 1º y 2º Ciclo;Todas las edades;Universidades públicas;Centros propios;Hombres;543.944
Total Grado y 1º y 2º Ciclo;Todas las edades;Universidades públicas;Centros adscritos;Ambos Sexos;59.201
Total Grado y 1º y 2º Ciclo;Todas las edades;Universidades públicas;Centros adscritos;Mujeres;35.073
Total Grado y 1º y 2º Ciclo;Todas las edades;Universidades públicas;Centros adscritos;Hombres;24.128
Total Grado y 1º y 2º Ciclo;Todas las edades;Universidades privadas;Total Centros;Ambos Sexos;177.685
Total Grado y 1º y 2º Ciclo;Todas las edades;Universidades privadas;Total Centros;Mujeres;98.092
Total Grado y 1º y 2º Ciclo;Todas las edades;Universidades privadas;Total Centros;Hombres;79.593
Total Grado y 1º y 2º Ciclo;Todas las edades;Universidades privadas;Centros propios;Ambos Sexos;173.323
Total Grado y 1º y 2º Ciclo;Todas las edades;Universidades privadas;Centros propios;Mujeres;95.721
Total Grado y 1º y 2º Ciclo;Todas las edades;Universidades privadas;Centros propios;Hombres;77.602
Total Grado y 1º y 2º Ciclo;Todas las edades;Universidades privadas;Centros adscritos;Ambos Sexos;4.362
Total Grado y 1º y 2º Ciclo;Todas las edades;Universidades privadas;Centros adscritos;Mujeres;2.371
Total Grado y 1º y 2º Ciclo;Todas las edades;Universidades privadas;Centros adscritos;Hombres;1.991
Total Grado y 1º y 2º Ciclo;De 18 a 21 años;Total Universidades;Total Centros;Ambos Sexos;620.740
Total Grado y 1º y 2º Ciclo;De 18 a 21 años;Total Universidades;Total Centros;Mujeres;355.865
Total Grado y 1º y 2º Ciclo;De 18 a 21 años;Total Universidades;Total Centros;Hombres;264.875
Total Grado y 1º y 2º Ciclo;De 18 a 21 años;Total Universidades;Centros propios;Ambos Sexos;586.278
Total Grado y 1º y 2º Ciclo;De 18 a 21 años;Total Universidades;Centros propios;Mujeres;334.764
Total Grado y 1º y 2º Ciclo;De 18 a 21 años;Total Universidades;Centros propios;Hombres;251.514
Total Grado y 1º y 2º Ciclo;De 18 a 21 años;Total Universidades;Centros adscritos;Ambos Sexos;34.462
Total Grado y 1º y 2º Ciclo;De 18 a 21 años;Total Universidades;Centros adscritos;Mujeres;21.101
Total Grado y 1º y 2º Ciclo;De 18 a 21 años;Total Universidades;Centros adscritos;Hombres;13.361
Total Grado y 1º y 2º Ciclo;De 18 a 21 años;Universidades públicas;Total Centros;Ambos Sexos;555.757
Total Grado y 1º y 2º Ciclo;De 18 a 21 años;Universidades públicas;Total Centros;Mujeres;317.635
Total Grado y 1º y 2º Ciclo;De 18 a 21 años;Universidades públicas;Total Centros;Hombres;238.122
Total Grado y 1º y 2º Ciclo;De 18 a 21 años;Universidades públicas;Centros propios;Ambos Sexos;523.986
Total Grado y 1º y 2º Ciclo;De 18 a 21 años;Universidades públicas;Centros propios;Mujeres;298.088
Total Grado y 1º y 2º Ciclo;De 18 a 21 años;Universidades públicas;Centros propios;Hombres;225.898
Total Grado y 1º y 2º Ciclo;De 18 a 21 años;Universidades públicas;Centros adscritos;Ambos Sexos;31.771
Total Grado y 1º y 2º Ciclo;De 18 a 21 años;Universidades públicas;Centros adscritos;Mujeres;19.547
Total Grado y 1º y 2º Ciclo;De 18 a 21 años;Universidades públicas;Centros adscritos;Hombres;12.224
Total Grado y 1º y 2º Ciclo;De 18 a 21 años;Universidades privadas;Total Centros;Ambos Sexos;64.983
Total Grado y 1º y 2º Ciclo;De 18 a 21 años;Universidades privadas;Total Centros;Mujeres;38.230
Total Grado y 1º y 2º Ciclo;De 18 a 21 años;Universidades privadas;Total Centros;Hombres;26.753
Total Grado y 1º y 2º Ciclo;De 18 a 21 años;Universidades privadas;Centros propios;Ambos Sexos;62.292
Total Grado y 1º y 2º Ciclo;De 18 a 21 años;Universidades privadas;Centros propios;Mujeres;36.676
Total Grado y 1º y 2º Ciclo;De 18 a 21 años;Universidades privadas;Centros propios;Hombres;25.616
Total Grado y 1º y 2º Ciclo;De 18 a 21 años;Universidades privadas;Centros adscritos;Ambos Sexos;2.691
Total Grado y 1º y 2º Ciclo;De 18 a 21 años;Universidades privadas;Centros adscritos;Mujeres;1.554
Total Grado y 1º y 2º Ciclo;De 18 a 21 años;Universidades privadas;Centros adscritos;Hombres;1.137
Total Grado y 1º y 2º Ciclo;De 22 a 25 años;Total Universidades;Total Centros;Ambos Sexos;390.867
Total Grado y 1º y 2º Ciclo;De 22 a 25 años;Total Universidades;Total Centros;Mujeres;207.736
Total Grado y 1º y 2º Ciclo;De 22 a 25 años;Total Universidades;Total Centros;Hombres;183.131
Total Grado y 1º y 2º Ciclo;De 22 a 25 años;Total Universidades;Centros propios;Ambos Sexos;372.788
Total Grado y 1º y 2º Ciclo;De 22 a 25 años;Total Universidades;Centros propios;Mujeres;197.784
Total Grado y 1º y 2º Ciclo;De 22 a 25 años;Total Universidades;Centros propios;Hombres;175.004
Total Grado y 1º y 2º Ciclo;De 22 a 25 años;Total Universidades;Centros adscritos;Ambos Sexos;18.079
Total Grado y 1º y 2º Ciclo;De 22 a 25 años;Total Universidades;Centros adscritos;Mujeres;9.952
Total Grado y 1º y 2º Ciclo;De 22 a 25 años;Total Universidades;Centros adscritos;Hombres;8.127
Total Grado y 1º y 2º Ciclo;De 22 a 25 años;Universidades públicas;Total Centros;Ambos Sexos;348.244
Total Grado y 1º y 2º Ciclo;De 22 a 25 años;Universidades públicas;Total Centros;Mujeres;185.009
Total Grado y 1º y 2º Ciclo;De 22 a 25 años;Universidades públicas;Total Centros;Hombres;163.235
Total Grado y 1º y 2º Ciclo;De 22 a 25 años;Universidades públicas;Centros propios;Ambos Sexos;331.292
Total Grado y 1º y 2º Ciclo;De 22 a 25 años;Universidades públicas;Centros propios;Mujeres;175.625
Total Grado y 1º y 2º Ciclo;De 22 a 25 años;Universidades públicas;Centros propios;Hombres;155.667
Total Grado y 1º y 2º Ciclo;De 22 a 25 años;Universidades públicas;Centros adscritos;Ambos Sexos;16.952
Total Grado y 1º y 2º Ciclo;De 22 a 25 años;Universidades públicas;Centros adscritos;Mujeres;9.384
Total Grado y 1º y 2º Ciclo;De 22 a 25 años;Universidades públicas;Centros adscritos;Hombres;7.568
Total Grado y 1º y 2º Ciclo;De 22 a 25 años;Universidades privadas;Total Centros;Ambos Sexos;42.623
Total Grado y 1º y 2º Ciclo;De 22 a 25 años;Universidades privadas;Total Centros;Mujeres;22.727
Total Grado y 1º y 2º Ciclo;De 22 a 25 años;Universidades privadas;Total Centros;Hombres;19.896
Total Grado y 1º y 2º Ciclo;De 22 a 25 años;Universidades privadas;Centros propios;Ambos Sexos;41.496
Total Grado y 1º y 2º Ciclo;De 22 a 25 años;Universidades privadas;Centros propios;Mujeres;22.159
Total Grado y 1º y 2º Ciclo;De 22 a 25 años;Universidades privadas;Centros propios;Hombres;19.337
Total Grado y 1º y 2º Ciclo;De 22 a 25 años;Universidades privadas;Centros adscritos;Ambos Sexos;1.127
Total Grado y 1º y 2º Ciclo;De 22 a 25 años;Universidades privadas;Centros adscritos;Mujeres;568
Total Grado y 1º y 2º Ciclo;De 22 a 25 años;Universidades privadas;Centros adscritos;Hombres;559
Total Grado y 1º y 2º Ciclo;De 26 a 30 años;Total Universidades;Total Centros;Ambos Sexos;164.006
Total Grado y 1º y 2º Ciclo;De 26 a 30 años;Total Universidades;Total Centros;Mujeres;83.612
Total Grado y 1º y 2º Ciclo;De 26 a 30 años;Total Universidades;Total Centros;Hombres;80.394
Total Grado y 1º y 2º Ciclo;De 26 a 30 años;Total Universidades;Centros propios;Ambos Sexos;158.526
Total Grado y 1º y 2º Ciclo;De 26 a 30 años;Total Universidades;Centros propios;Mujeres;80.605
Total Grado y 1º y 2º Ciclo;De 26 a 30 años;Total Universidades;Centros propios;Hombres;77.921
Total Grado y 1º y 2º Ciclo;De 26 a 30 años;Total Universidades;Centros adscritos;Ambos Sexos;5.480
Total Grado y 1º y 2º Ciclo;De 26 a 30 años;Total Universidades;Centros adscritos;Mujeres;3.007
Total Grado y 1º y 2º Ciclo;De 26 a 30 años;Total Universidades;Centros adscritos;Hombres;2.473
Total Grado y 1º y 2º Ciclo;De 26 a 30 años;Universidades públicas;Total Centros;Ambos Sexos;139.487
Total Grado y 1º y 2º Ciclo;De 26 a 30 años;Universidades públicas;Total Centros;Mujeres;70.065
Total Grado y 1º y 2º Ciclo;De 26 a 30 años;Universidades públicas;Total Centros;Hombres;69.422
Total Grado y 1º y 2º Ciclo;De 26 a 30 años;Universidades públicas;Centros propios;Ambos Sexos;134.327
Total Grado y 1º y 2º Ciclo;De 26 a 30 años;Universidades públicas;Centros propios;Mujeres;67.203
Total Grado y 1º y 2º Ciclo;De 26 a 30 años;Universidades públicas;Centros propios;Hombres;67.124
Total Grado y 1º y 2º Ciclo;De 26 a 30 años;Universidades públicas;Centros adscritos;Ambos Sexos;5.160
Total Grado y 1º y 2º Ciclo;De 26 a 30 años;Universidades públicas;Centros adscritos;Mujeres;2.862
Total Grado y 1º y 2º Ciclo;De 26 a 30 años;Universidades públicas;Centros adscritos;Hombres;2.298
Total Grado y 1º y 2º Ciclo;De 26 a 30 años;Universidades privadas;Total Centros;Ambos Sexos;24.519
Total Grado y 1º y 2º Ciclo;De 26 a 30 años;Universidades privadas;Total Centros;Mujeres;13.547
Total Grado y 1º y 2º Ciclo;De 26 a 30 años;Universidades privadas;Total Centros;Hombres;10.972
Total Grado y 1º y 2º Ciclo;De 26 a 30 años;Universidades privadas;Centros propios;Ambos Sexos;24.199
Total Grado y 1º y 2º Ciclo;De 26 a 30 años;Universidades privadas;Centros propios;Mujeres;13.402
Total Grado y 1º y 2º Ciclo;De 26 a 30 años;Universidades privadas;Centros propios;Hombres;10.797
Total Grado y 1º y 2º Ciclo;De 26 a 30 años;Universidades privadas;Centros adscritos;Ambos Sexos;320
Total Grado y 1º y 2º Ciclo;De 26 a 30 años;Universidades privadas;Centros adscritos;Mujeres;145
Total Grado y 1º y 2º Ciclo;De 26 a 30 años;Universidades privadas;Centros adscritos;Hombres;175
Total Grado y 1º y 2º Ciclo;Más de 30 años;Total Universidades;Total Centros;Ambos Sexos;241.214
Total Grado y 1º y 2º Ciclo;Más de 30 años;Total Universidades;Total Centros;Mujeres;121.949
Total Grado y 1º y 2º Ciclo;Más de 30 años;Total Universidades;Total Centros;Hombres;119.265
Total Grado y 1º y 2º Ciclo;Más de 30 años;Total Universidades;Centros propios;Ambos Sexos;235.672
Total Grado y 1º y 2º Ciclo;Más de 30 años;Total Universidades;Centros propios;Mujeres;118.565
Total Grado y 1º y 2º Ciclo;Más de 30 años;Total Universidades;Centros propios;Hombres;117.107
Total Grado y 1º y 2º Ciclo;Más de 30 años;Total Universidades;Centros adscritos;Ambos Sexos;5.542
Total Grado y 1º y 2º Ciclo;Más de 30 años;Total Universidades;Centros adscritos;Mujeres;3.384
Total Grado y 1º y 2º Ciclo;Más de 30 años;Total Universidades;Centros adscritos;Hombres;2.158
Total Grado y 1º y 2º Ciclo;Más de 30 años;Universidades públicas;Total Centros;Ambos Sexos;195.654
Total Grado y 1º y 2º Ciclo;Más de 30 años;Universidades públicas;Total Centros;Mujeres;98.361
Total Grado y 1º y 2º Ciclo;Más de 30 años;Universidades públicas;Total Centros;Hombres;97.293
Total Grado y 1º y 2º Ciclo;Más de 30 años;Universidades públicas;Centros propios;Ambos Sexos;190.336
Total Grado y 1º y 2º Ciclo;Más de 30 años;Universidades públicas;Centros propios;Mujeres;95.081
Total Grado y 1º y 2º Ciclo;Más de 30 años;Universidades públicas;Centros propios;Hombres;95.255
Total Grado y 1º y 2º Ciclo;Más de 30 años;Universidades públicas;Centros adscritos;Ambos Sexos;5.318
Total Grado y 1º y 2º Ciclo;Más de 30 años;Universidades públicas;Centros adscritos;Mujeres;3.280
Total Grado y 1º y 2º Ciclo;Más de 30 años;Universidades públicas;Centros adscritos;Hombres;2.038
Total Grado y 1º y 2º Ciclo;Más de 30 años;Universidades privadas;Total Centros;Ambos Sexos;45.560
Total Grado y 1º y 2º Ciclo;Más de 30 años;Universidades privadas;Total Centros;Mujeres;23.588
Total Grado y 1º y 2º Ciclo;Más de 30 años;Universidades privadas;Total Centros;Hombres;21.972
Total Grado y 1º y 2º Ciclo;Más de 30 años;Universidades privadas;Centros propios;Ambos Sexos;45.336
Total Grado y 1º y 2º Ciclo;Más de 30 años;Universidades privadas;Centros propios;Mujeres;23.484
Total Grado y 1º y 2º Ciclo;Más de 30 años;Universidades privadas;Centros propios;Hombres;21.852
Total Grado y 1º y 2º Ciclo;Más de 30 años;Universidades privadas;Centros adscritos;Ambos Sexos;224
Total Grado y 1º y 2º Ciclo;Más de 30 años;Universidades privadas;Centros adscritos;Mujeres;104
Total Grado y 1º y 2º Ciclo;Más de 30 años;Universidades privadas;Centros adscritos;Hombres;120
Matrícula de Grado;Todas las edades;Total Universidades;Total Centros;Ambos Sexos;1.190.042
Matrícula de Grado;Todas las edades;Total Universidades;Total Centros;Mujeres;658.406
Matrícula de Grado;Todas las edades;Total Universidades;Total Centros;Hombres;531.636
Matrícula de Grado;Todas las edades;Total Universidades;Centros propios;Ambos Sexos;1.130.086
Matrícula de Grado;Todas las edades;Total Universidades;Centros propios;Mujeres;622.859
Matrícula de Grado;Todas las edades;Total Universidades;Centros propios;Hombres;507.227
Matrícula de Grado;Todas las edades;Total Universidades;Centros adscritos;Ambos Sexos;59.956
Matrícula de Grado;Todas las edades;Total Universidades;Centros adscritos;Mujeres;35.547
Matrícula de Grado;Todas las edades;Total Universidades;Centros adscritos;Hombres;24.409
Matrícula de Grado;Todas las edades;Universidades públicas;Total Centros;Ambos Sexos;1.031.856
Matrícula de Grado;Todas las edades;Universidades públicas;Total Centros;Mujeres;569.543
Matrícula de Grado;Todas las edades;Universidades públicas;Total Centros;Hombres;462.313
Matrícula de Grado;Todas las edades;Universidades públicas;Centros propios;Ambos Sexos;976.262
Matrícula de Grado;Todas las edades;Universidades públicas;Centros propios;Mujeres;536.367
Matrícula de Grado;Todas las edades;Universidades públicas;Centros propios;Hombres;439.895
Matrícula de Grado;Todas las edades;Universidades públicas;Centros adscritos;Ambos Sexos;55.594
Matrícula de Grado;Todas las edades;Universidades públicas;Centros adscritos;Mujeres;33.176
Matrícula de Grado;Todas las edades;Universidades públicas;Centros adscritos;Hombres;22.418
Matrícula de Grado;Todas las edades;Universidades privadas;Total Centros;Ambos Sexos;158.186
Matrícula de Grado;Todas las edades;Universidades privadas;Total Centros;Mujeres;88.863
Matrícula de Grado;Todas las edades;Universidades privadas;Total Centros;Hombres;69.323
Matrícula de Grado;Todas las edades;Universidades privadas;Centros propios;Ambos Sexos;153.824
Matrícula de Grado;Todas las edades;Universidades privadas;Centros propios;Mujeres;86.492
Matrícula de Grado;Todas las edades;Universidades privadas;Centros propios;Hombres;67.332
Matrícula de Grado;Todas las edades;Universidades privadas;Centros adscritos;Ambos Sexos;4.362
Matrícula de Grado;Todas las edades;Universidades privadas;Centros adscritos;Mujeres;2.371
Matrícula de Grado;Todas las edades;Universidades privadas;Centros adscritos;Hombres;1.991
Matrícula de Grado;De 18 a 21 años;Total Universidades;Total Centros;Ambos Sexos;620.493
Matrícula de Grado;De 18 a 21 años;Total Universidades;Total Centros;Mujeres;355.730
Matrícula de Grado;De 18 a 21 años;Total Universidades;Total Centros;Hombres;264.763
Matrícula de Grado;De 18 a 21 años;Total Universidades;Centros propios;Ambos Sexos;586.033
Matrícula de Grado;De 18 a 21 años;Total Universidades;Centros propios;Mujeres;334.629
Matrícula de Grado;De 18 a 21 años;Total Universidades;Centros propios;Hombres;251.404
Matrícula de Grado;De 18 a 21 años;Total Universidades;Centros adscritos;Ambos Sexos;34.460
Matrícula de Grado;De 18 a 21 años;Total Universidades;Centros adscritos;Mujeres;21.101
Matrícula de Grado;De 18 a 21 años;Total Universidades;Centros adscritos;Hombres;13.359
Matrícula de Grado;De 18 a 21 años;Universidades públicas;Total Centros;Ambos Sexos;555.520
Matrícula de Grado;De 18 a 21 años;Universidades públicas;Total Centros;Mujeres;317.504
Matrícula de Grado;De 18 a 21 años;Universidades públicas;Total Centros;Hombres;238.016
Matrícula de Grado;De 18 a 21 años;Universidades públicas;Centros propios;Ambos Sexos;523.751
Matrícula de Grado;De 18 a 21 años;Universidades públicas;Centros propios;Mujeres;297.957
Matrícula de Grado;De 18 a 21 años;Universidades públicas;Centros propios;Hombres;225.794
Matrícula de Grado;De 18 a 21 años;Universidades públicas;Centros adscritos;Ambos Sexos;31.769
Matrícula de Grado;De 18 a 21 años;Universidades públicas;Centros adscritos;Mujeres;19.547
Matrícula de Grado;De 18 a 21 años;Universidades públicas;Centros adscritos;Hombres;12.222
Matrícula de Grado;De 18 a 21 años;Universidades privadas;Total Centros;Ambos Sexos;64.973
Matrícula de Grado;De 18 a 21 años;Universidades privadas;Total Centros;Mujeres;38.226
Matrícula de Grado;De 18 a 21 años;Universidades privadas;Total Centros;Hombres;26.747
Matrícula de Grado;De 18 a 21 años;Universidades privadas;Centros propios;Ambos Sexos;62.282
Matrícula de Grado;De 18 a 21 años;Universidades privadas;Centros propios;Mujeres;36.672
Matrícula de Grado;De 18 a 21 años;Universidades privadas;Centros propios;Hombres;25.610
Matrícula de Grado;De 18 a 21 años;Universidades privadas;Centros adscritos;Ambos Sexos;2.691
Matrícula de Grado;De 18 a 21 años;Universidades privadas;Centros adscritos;Mujeres;1.554
Matrícula de Grado;De 18 a 21 años;Universidades privadas;Centros adscritos;Hombres;1.137
Matrícula de Grado;De 22 a 25 años;Total Universidades;Total Centros;Ambos Sexos;280.929
Matrícula de Grado;De 22 a 25 años;Total Universidades;Total Centros;Mujeres;150.336
Matrícula de Grado;De 22 a 25 años;Total Universidades;Total Centros;Hombres;130.593
Matrícula de Grado;De 22 a 25 años;Total Universidades;Centros propios;Ambos Sexos;264.839
Matrícula de Grado;De 22 a 25 años;Total Universidades;Centros propios;Mujeres;141.453
Matrícula de Grado;De 22 a 25 años;Total Universidades;Centros propios;Hombres;123.386
Matrícula de Grado;De 22 a 25 años;Total Universidades;Centros adscritos;Ambos Sexos;16.090
Matrícula de Grado;De 22 a 25 años;Total Universidades;Centros adscritos;Mujeres;8.883
Matrícula de Grado;De 22 a 25 años;Total Universidades;Centros adscritos;Hombres;7.207
Matrícula de Grado;De 22 a 25 años;Universidades públicas;Total Centros;Ambos Sexos;245.315
Matrícula de Grado;De 22 a 25 años;Universidades públicas;Total Centros;Mujeres;131.160
Matrícula de Grado;De 22 a 25 años;Universidades públicas;Total Centros;Hombres;114.155
Matrícula de Grado;De 22 a 25 años;Universidades públicas;Centros propios;Ambos Sexos;230.352
Matrícula de Grado;De 22 a 25 años;Universidades públicas;Centros propios;Mujeres;122.845
Matrícula de Grado;De 22 a 25 años;Universidades públicas;Centros propios;Hombres;107.507
Matrícula de Grado;De 22 a 25 años;Universidades públicas;Centros adscritos;Ambos Sexos;14.963
Matrícula de Grado;De 22 a 25 años;Universidades públicas;Centros adscritos;Mujeres;8.315
Matrícula de Grado;De 22 a 25 años;Universidades públicas;Centros adscritos;Hombres;6.648
Matrícula de Grado;De 22 a 25 años;Universidades privadas;Total Centros;Ambos Sexos;35.614
Matrícula de Grado;De 22 a 25 años;Universidades privadas;Total Centros;Mujeres;19.176
Matrícula de Grado;De 22 a 25 años;Universidades privadas;Total Centros;Hombres;16.438
Matrícula de Grado;De 22 a 25 años;Universidades privadas;Centros propios;Ambos Sexos;34.487
Matrícula de Grado;De 22 a 25 años;Universidades privadas;Centros propios;Mujeres;18.608
Matrícula de Grado;De 22 a 25 años;Universidades privadas;Centros propios;Hombres;15.879
Matrícula de Grado;De 22 a 25 años;Universidades privadas;Centros adscritos;Ambos Sexos;1.127
Matrícula de Grado;De 22 a 25 años;Universidades privadas;Centros adscritos;Mujeres;568
Matrícula de Grado;De 22 a 25 años;Universidades privadas;Centros adscritos;Hombres;559
Matrícula de Grado;De 26 a 30 años;Total Universidades;Total Centros;Ambos Sexos;106.418
Matrícula de Grado;De 26 a 30 años;Total Universidades;Total Centros;Mujeres;56.830
Matrícula de Grado;De 26 a 30 años;Total Universidades;Total Centros;Hombres;49.588
Matrícula de Grado;De 26 a 30 años;Total Universidades;Centros propios;Ambos Sexos;101.739
Matrícula de Grado;De 26 a 30 años;Total Universidades;Centros propios;Mujeres;54.227
Matrícula de Grado;De 26 a 30 años;Total Universidades;Centros propios;Hombres;47.512
Matrícula de Grado;De 26 a 30 años;Total Universidades;Centros adscritos;Ambos Sexos;4.679
Matrícula de Grado;De 26 a 30 años;Total Universidades;Centros adscritos;Mujeres;2.603
Matrícula de Grado;De 26 a 30 años;Total Universidades;Centros adscritos;Hombres;2.076
Matrícula de Grado;De 26 a 30 años;Universidades públicas;Total Centros;Ambos Sexos;86.322
Matrícula de Grado;De 26 a 30 años;Universidades públicas;Total Centros;Mujeres;45.416
Matrícula de Grado;De 26 a 30 años;Universidades públicas;Total Centros;Hombres;40.906
Matrícula de Grado;De 26 a 30 años;Universidades públicas;Centros propios;Ambos Sexos;81.963
Matrícula de Grado;De 26 a 30 años;Universidades públicas;Centros propios;Mujeres;42.958
Matrícula de Grado;De 26 a 30 años;Universidades públicas;Centros propios;Hombres;39.005
Matrícula de Grado;De 26 a 30 años;Universidades públicas;Centros adscritos;Ambos Sexos;4.359
Matrícula de Grado;De 26 a 30 años;Universidades públicas;Centros adscritos;Mujeres;2.458
Matrícula de Grado;De 26 a 30 años;Universidades públicas;Centros adscritos;Hombres;1.901
Matrícula de Grado;De 26 a 30 años;Universidades privadas;Total Centros;Ambos Sexos;20.096
Matrícula de Grado;De 26 a 30 años;Universidades privadas;Total Centros;Mujeres;11.414
Matrícula de Grado;De 26 a 30 años;Universidades privadas;Total Centros;Hombres;8.682
Matrícula de Grado;De 26 a 30 años;Universidades privadas;Centros propios;Ambos Sexos;19.776
Matrícula de Grado;De 26 a 30 años;Universidades privadas;Centros propios;Mujeres;11.269
Matrícula de Grado;De 26 a 30 años;Universidades privadas;Centros propios;Hombres;8.507
Matrícula de Grado;De 26 a 30 años;Universidades privadas;Centros adscritos;Ambos Sexos;320
Matrícula de Grado;De 26 a 30 años;Universidades privadas;Centros adscritos;Mujeres;145
Matrícula de Grado;De 26 a 30 años;Universidades privadas;Centros adscritos;Hombres;175
Matrícula de Grado;Más de 30 años;Total Universidades;Total Centros;Ambos Sexos;182.202
Matrícula de Grado;Más de 30 años;Total Universidades;Total Centros;Mujeres;95.510
Matrícula de Grado;Más de 30 años;Total Universidades;Total Centros;Hombres;86.692
Matrícula de Grado;Más de 30 años;Total Universidades;Centros propios;Ambos Sexos;177.475
Matrícula de Grado;Más de 30 años;Total Universidades;Centros propios;Mujeres;92.550
Matrícula de Grado;Más de 30 años;Total Universidades;Centros propios;Hombres;84.925
Matrícula de Grado;Más de 30 años;Total Universidades;Centros adscritos;Ambos Sexos;4.727
Matrícula de Grado;Más de 30 años;Total Universidades;Centros adscritos;Mujeres;2.960
Matrícula de Grado;Más de 30 años;Total Universidades;Centros adscritos;Hombres;1.767
Matrícula de Grado;Más de 30 años;Universidades públicas;Total Centros;Ambos Sexos;144.699
Matrícula de Grado;Más de 30 años;Universidades públicas;Total Centros;Mujeres;75.463
Matrícula de Grado;Más de 30 años;Universidades públicas;Total Centros;Hombres;69.236
Matrícula de Grado;Más de 30 años;Universidades públicas;Centros propios;Ambos Sexos;140.196
Matrícula de Grado;Más de 30 años;Universidades públicas;Centros propios;Mujeres;72.607
Matrícula de Grado;Más de 30 años;Universidades públicas;Centros propios;Hombres;67.589
Matrícula de Grado;Más de 30 años;Universidades públicas;Centros adscritos;Ambos Sexos;4.503
Matrícula de Grado;Más de 30 años;Universidades públicas;Centros adscritos;Mujeres;2.856
Matrícula de Grado;Más de 30 años;Universidades públicas;Centros adscritos;Hombres;1.647
Matrícula de Grado;Más de 30 años;Universidades privadas;Total Centros;Ambos Sexos;37.503
Matrícula de Grado;Más de 30 años;Universidades privadas;Total Centros;Mujeres;20.047
Matrícula de Grado;Más de 30 años;Universidades privadas;Total Centros;Hombres;17.456
Matrícula de Grado;Más de 30 años;Universidades privadas;Centros propios;Ambos Sexos;37.279
Matrícula de Grado;Más de 30 años;Universidades privadas;Centros propios;Mujeres;19.943
Matrícula de Grado;Más de 30 años;Universidades privadas;Centros propios;Hombres;17.336
Matrícula de Grado;Más de 30 años;Universidades privadas;Centros adscritos;Ambos Sexos;224
Matrícula de Grado;Más de 30 años;Universidades privadas;Centros adscritos;Mujeres;104
Matrícula de Grado;Más de 30 años;Universidades privadas;Centros adscritos;Hombres;120
Matrícula de 1º y 2º Ciclo;Todas las edades;Total Universidades;Total Centros;Ambos Sexos;226.785
Matrícula de 1º y 2º Ciclo;Todas las edades;Total Universidades;Total Centros;Mujeres;110.756
Matrícula de 1º y 2º Ciclo;Todas las edades;Total Universidades;Total Centros;Hombres;116.029
Matrícula de 1º y 2º Ciclo;Todas las edades;Total Universidades;Centros propios;Ambos Sexos;223.178
Matrícula de 1º y 2º Ciclo;Todas las edades;Total Universidades;Centros propios;Mujeres;108.859
Matrícula de 1º y 2º Ciclo;Todas las edades;Total Universidades;Centros propios;Hombres;114.319
Matrícula de 1º y 2º Ciclo;Todas las edades;Total Universidades;Centros adscritos;Ambos Sexos;3.607
Matrícula de 1º y 2º Ciclo;Todas las edades;Total Universidades;Centros adscritos;Mujeres;1.897
Matrícula de 1º y 2º Ciclo;Todas las edades;Total Universidades;Centros adscritos;Hombres;1.710
Matrícula de 1º y 2º Ciclo;Todas las edades;Universidades públicas;Total Centros;Ambos Sexos;207.286
Matrícula de 1º y 2º Ciclo;Todas las edades;Universidades públicas;Total Centros;Mujeres;101.527
Matrícula de 1º y 2º Ciclo;Todas las edades;Universidades públicas;Total Centros;Hombres;105.759
Matrícula de 1º y 2º Ciclo;Todas las edades;Universidades públicas;Centros propios;Ambos Sexos;203.679
Matrícula de 1º y 2º Ciclo;Todas las edades;Universidades públicas;Centros propios;Mujeres;99.630
Matrícula de 1º y 2º Ciclo;Todas las edades;Universidades públicas;Centros propios;Hombres;104.049
Matrícula de 1º y 2º Ciclo;Todas las edades;Universidades públicas;Centros adscritos;Ambos Sexos;3.607
Matrícula de 1º y 2º Ciclo;Todas las edades;Universidades públicas;Centros adscritos;Mujeres;1.897
Matrícula de 1º y 2º Ciclo;Todas las edades;Universidades públicas;Centros adscritos;Hombres;1.710
Matrícula de 1º y 2º Ciclo;Todas las edades;Universidades privadas;Total Centros;Ambos Sexos;19.499
Matrícula de 1º y 2º Ciclo;Todas las edades;Universidades privadas;Total Centros;Mujeres;9.229
Matrícula de 1º y 2º Ciclo;Todas las edades;Universidades privadas;Total Centros;Hombres;10.270
Matrícula de 1º y 2º Ciclo;Todas las edades;Universidades privadas;Centros propios;Ambos Sexos;19.499
Matrícula de 1º y 2º Ciclo;Todas las edades;Universidades privadas;Centros propios;Mujeres;9.229
Matrícula de 1º y 2º Ciclo;Todas las edades;Universidades privadas;Centros propios;Hombres;10.270
Matrícula de 1º y 2º Ciclo;Todas las edades;Universidades privadas;Centros adscritos;Ambos Sexos;.
Matrícula de 1º y 2º Ciclo;Todas las edades;Universidades privadas;Centros adscritos;Mujeres;.
Matrícula de 1º y 2º Ciclo;Todas las edades;Universidades privadas;Centros adscritos;Hombres;.
Matrícula de 1º y 2º Ciclo;De 18 a 21 años;Total Universidades;Total Centros;Ambos Sexos;247
Matrícula de 1º y 2º Ciclo;De 18 a 21 años;Total Universidades;Total Centros;Mujeres;135
Matrícula de 1º y 2º Ciclo;De 18 a 21 años;Total Universidades;Total Centros;Hombres;112
Matrícula de 1º y 2º Ciclo;De 18 a 21 años;Total Universidades;Centros propios;Ambos Sexos;245
Matrícula de 1º y 2º Ciclo;De 18 a 21 años;Total Universidades;Centros propios;Mujeres;135
Matrícula de 1º y 2º Ciclo;De 18 a 21 años;Total Universidades;Centros propios;Hombres;110
Matrícula de 1º y 2º Ciclo;De 18 a 21 años;Total Universidades;Centros adscritos;Ambos Sexos;.
Matrícula de 1º y 2º Ciclo;De 18 a 21 años;Total Universidades;Centros adscritos;Mujeres;.
Matrícula de 1º y 2º Ciclo;De 18 a 21 años;Total Universidades;Centros adscritos;Hombres;.
Matrícula de 1º y 2º Ciclo;De 18 a 21 años;Universidades públicas;Total Centros;Ambos Sexos;237
Matrícula de 1º y 2º Ciclo;De 18 a 21 años;Universidades públicas;Total Centros;Mujeres;131
Matrícula de 1º y 2º Ciclo;De 18 a 21 años;Universidades públicas;Total Centros;Hombres;106
Matrícula de 1º y 2º Ciclo;De 18 a 21 años;Universidades públicas;Centros propios;Ambos Sexos;235
Matrícula de 1º y 2º Ciclo;De 18 a 21 años;Universidades públicas;Centros propios;Mujeres;131
Matrícula de 1º y 2º Ciclo;De 18 a 21 años;Universidades públicas;Centros propios;Hombres;104
Matrícula de 1º y 2º Ciclo;De 18 a 21 años;Universidades públicas;Centros adscritos;Ambos Sexos;.
Matrícula de 1º y 2º Ciclo;De 18 a 21 años;Universidades públicas;Centros adscritos;Mujeres;.
Matrícula de 1º y 2º Ciclo;De 18 a 21 años;Universidades públicas;Centros adscritos;Hombres;.
Matrícula de 1º y 2º Ciclo;De 18 a 21 años;Universidades privadas;Total Centros;Ambos Sexos;..
Matrícula de 1º y 2º Ciclo;De 18 a 21 años;Universidades privadas;Total Centros;Mujeres;.
Matrícula de 1º y 2º Ciclo;De 18 a 21 años;Universidades privadas;Total Centros;Hombres;.
Matrícula de 1º y 2º Ciclo;De 18 a 21 años;Universidades privadas;Centros propios;Ambos Sexos;..
Matrícula de 1º y 2º Ciclo;De 18 a 21 años;Universidades privadas;Centros propios;Mujeres;.
Matrícula de 1º y 2º Ciclo;De 18 a 21 años;Universidades privadas;Centros propios;Hombres;.
Matrícula de 1º y 2º Ciclo;De 18 a 21 años;Universidades privadas;Centros adscritos;Ambos Sexos;.
Matrícula de 1º y 2º Ciclo;De 18 a 21 años;Universidades privadas;Centros adscritos;Mujeres;.
Matrícula de 1º y 2º Ciclo;De 18 a 21 años;Universidades privadas;Centros adscritos;Hombres;.
Matrícula de 1º y 2º Ciclo;De 22 a 25 años;Total Universidades;Total Centros;Ambos Sexos;109.938
Matrícula de 1º y 2º Ciclo;De 22 a 25 años;Total Universidades;Total Centros;Mujeres;57.400
Matrícula de 1º y 2º Ciclo;De 22 a 25 años;Total Universidades;Total Centros;Hombres;52.538
Matrícula de 1º y 2º Ciclo;De 22 a 25 años;Total Universidades;Centros propios;Ambos Sexos;107.949
Matrícula de 1º y 2º Ciclo;De 22 a 25 años;Total Universidades;Centros propios;Mujeres;56.331
Matrícula de 1º y 2º Ciclo;De 22 a 25 años;Total Universidades;Centros propios;Hombres;51.618
Matrícula de 1º y 2º Ciclo;De 22 a 25 años;Total Universidades;Centros adscritos;Ambos Sexos;1.989
Matrícula de 1º y 2º Ciclo;De 22 a 25 años;Total Universidades;Centros adscritos;Mujeres;1.069
Matrícula de 1º y 2º Ciclo;De 22 a 25 años;Total Universidades;Centros adscritos;Hombres;920
Matrícula de 1º y 2º Ciclo;De 22 a 25 años;Universidades públicas;Total Centros;Ambos Sexos;102.929
Matrícula de 1º y 2º Ciclo;De 22 a 25 años;Universidades públicas;Total Centros;Mujeres;53.849
Matrícula de 1º y 2º Ciclo;De 22 a 25 años;Universidades públicas;Total Centros;Hombres;49.080
Matrícula de 1º y 2º Ciclo;De 22 a 25 años;Universidades públicas;Centros propios;Ambos Sexos;100.940
Matrícula de 1º y 2º Ciclo;De 22 a 25 años;Universidades públicas;Centros propios;Mujeres;52.780
Matrícula de 1º y 2º Ciclo;De 22 a 25 años;Universidades públicas;Centros propios;Hombres;48.160
Matrícula de 1º y 2º Ciclo;De 22 a 25 años;Universidades públicas;Centros adscritos;Ambos Sexos;1.989
Matrícula de 1º y 2º Ciclo;De 22 a 25 años;Universidades públicas;Centros adscritos;Mujeres;1.069
Matrícula de 1º y 2º Ciclo;De 22 a 25 años;Universidades públicas;Centros adscritos;Hombres;920
Matrícula de 1º y 2º Ciclo;De 22 a 25 años;Universidades privadas;Total Centros;Ambos Sexos;7.009
Matrícula de 1º y 2º Ciclo;De 22 a 25 años;Universidades privadas;Total Centros;Mujeres;3.551
Matrícula de 1º y 2º Ciclo;De 22 a 25 años;Universidades privadas;Total Centros;Hombres;3.458
Matrícula de 1º y 2º Ciclo;De 22 a 25 años;Universidades privadas;Centros propios;Ambos Sexos;7.009
Matrícula de 1º y 2º Ciclo;De 22 a 25 años;Universidades privadas;Centros propios;Mujeres;3.551
Matrícula de 1º y 2º Ciclo;De 22 a 25 años;Universidades privadas;Centros propios;Hombres;3.458
Matrícula de 1º y 2º Ciclo;De 22 a 25 años;Universidades privadas;Centros adscritos;Ambos Sexos;.
Matrícula de 1º y 2º Ciclo;De 22 a 25 años;Universidades privadas;Centros adscritos;Mujeres;.
Matrícula de 1º y 2º Ciclo;De 22 a 25 años;Universidades privadas;Centros adscritos;Hombres;.
Matrícula de 1º y 2º Ciclo;De 26 a 30 años;Total Universidades;Total Centros;Ambos Sexos;57.588
Matrícula de 1º y 2º Ciclo;De 26 a 30 años;Total Universidades;Total Centros;Mujeres;26.782
Matrícula de 1º y 2º Ciclo;De 26 a 30 años;Total Universidades;Total Centros;Hombres;30.806
Matrícula de 1º y 2º Ciclo;De 26 a 30 años;Total Universidades;Centros propios;Ambos Sexos;56.787
Matrícula de 1º y 2º Ciclo;De 26 a 30 años;Total Universidades;Centros propios;Mujeres;26.378
Matrícula de 1º y 2º Ciclo;De 26 a 30 años;Total Universidades;Centros propios;Hombres;30.409
Matrícula de 1º y 2º Ciclo;De 26 a 30 años;Total Universidades;Centros adscritos;Ambos Sexos;801
Matrícula de 1º y 2º Ciclo;De 26 a 30 años;Total Universidades;Centros adscritos;Mujeres;404
Matrícula de 1º y 2º Ciclo;De 26 a 30 años;Total Universidades;Centros adscritos;Hombres;397
Matrícula de 1º y 2º Ciclo;De 26 a 30 años;Universidades públicas;Total Centros;Ambos Sexos;53.165
Matrícula de 1º y 2º Ciclo;De 26 a 30 años;Universidades públicas;Total Centros;Mujeres;24.649
Matrícula de 1º y 2º Ciclo;De 26 a 30 años;Universidades públicas;Total Centros;Hombres;28.516
Matrícula de 1º y 2º Ciclo;De 26 a 30 años;Universidades públicas;Centros propios;Ambos Sexos;52.364
Matrícula de 1º y 2º Ciclo;De 26 a 30 años;Universidades públicas;Centros propios;Mujeres;24.245
Matrícula de 1º y 2º Ciclo;De 26 a 30 años;Universidades públicas;Centros propios;Hombres;28.119
Matrícula de 1º y 2º Ciclo;De 26 a 30 años;Universidades públicas;Centros adscritos;Ambos Sexos;801
Matrícula de 1º y 2º Ciclo;De 26 a 30 años;Universidades públicas;Centros adscritos;Mujeres;404
Matrícula de 1º y 2º Ciclo;De 26 a 30 años;Universidades públicas;Centros adscritos;Hombres;397
Matrícula de 1º y 2º Ciclo;De 26 a 30 años;Universidades privadas;Total Centros;Ambos Sexos;4.423
Matrícula de 1º y 2º Ciclo;De 26 a 30 años;Universidades privadas;Total Centros;Mujeres;2.133
Matrícula de 1º y 2º Ciclo;De 26 a 30 años;Universidades privadas;Total Centros;Hombres;2.290
Matrícula de 1º y 2º Ciclo;De 26 a 30 años;Universidades privadas;Centros propios;Ambos Sexos;4.423
Matrícula de 1º y 2º Ciclo;De 26 a 30 años;Universidades privadas;Centros propios;Mujeres;2.133
Matrícula de 1º y 2º Ciclo;De 26 a 30 años;Universidades privadas;Centros propios;Hombres;2.290
Matrícula de 1º y 2º Ciclo;De 26 a 30 años;Universidades privadas;Centros adscritos;Ambos Sexos;.
Matrícula de 1º y 2º Ciclo;De 26 a 30 años;Universidades privadas;Centros adscritos;Mujeres;.
Matrícula de 1º y 2º Ciclo;De 26 a 30 años;Universidades privadas;Centros adscritos;Hombres;.
Matrícula de 1º y 2º Ciclo;Más de 30 años;Total Universidades;Total Centros;Ambos Sexos;59.012
Matrícula de 1º y 2º Ciclo;Más de 30 años;Total Universidades;Total Centros;Mujeres;26.439
Matrícula de 1º y 2º Ciclo;Más de 30 años;Total Universidades;Total Centros;Hombres;32.573
Matrícula de 1º y 2º Ciclo;Más de 30 años;Total Universidades;Centros propios;Ambos Sexos;58.197
Matrícula de 1º y 2º Ciclo;Más de 30 años;Total Universidades;Centros propios;Mujeres;26.015
Matrícula de 1º y 2º Ciclo;Más de 30 años;Total Universidades;Centros propios;Hombres;32.182
Matrícula de 1º y 2º Ciclo;Más de 30 años;Total Universidades;Centros adscritos;Ambos Sexos;815
Matrícula de 1º y 2º Ciclo;Más de 30 años;Total Universidades;Centros adscritos;Mujeres;424
Matrícula de 1º y 2º Ciclo;Más de 30 años;Total Universidades;Centros adscritos;Hombres;391
Matrícula de 1º y 2º Ciclo;Más de 30 años;Universidades públicas;Total Centros;Ambos Sexos;50.955
Matrícula de 1º y 2º Ciclo;Más de 30 años;Universidades públicas;Total Centros;Mujeres;22.898
Matrícula de 1º y 2º Ciclo;Más de 30 años;Universidades públicas;Total Centros;Hombres;28.057
Matrícula de 1º y 2º Ciclo;Más de 30 años;Universidades públicas;Centros propios;Ambos Sexos;50.140
Matrícula de 1º y 2º Ciclo;Más de 30 años;Universidades públicas;Centros propios;Mujeres;22.474
Matrícula de 1º y 2º Ciclo;Más de 30 años;Universidades públicas;Centros propios;Hombres;27.666
Matrícula de 1º y 2º Ciclo;Más de 30 años;Universidades públicas;Centros adscritos;Ambos Sexos;815
Matrícula de 1º y 2º Ciclo;Más de 30 años;Universidades públicas;Centros adscritos;Mujeres;424
Matrícula de 1º y 2º Ciclo;Más de 30 años;Universidades públicas;Centros adscritos;Hombres;391
Matrícula de 1º y 2º Ciclo;Más de 30 años;Universidades privadas;Total Centros;Ambos Sexos;8.057
Matrícula de 1º y 2º Ciclo;Más de 30 años;Universidades privadas;Total Centros;Mujeres;3.541
Matrícula de 1º y 2º Ciclo;Más de 30 años;Universidades privadas;Total Centros;Hombres;4.516
Matrícula de 1º y 2º Ciclo;Más de 30 años;Universidades privadas;Centros propios;Ambos Sexos;8.057
Matrícula de 1º y 2º Ciclo;Más de 30 años;Universidades privadas;Centros propios;Mujeres;3.541
Matrícula de 1º y 2º Ciclo;Más de 30 años;Universidades privadas;Centros propios;Hombres;4.516
Matrícula de 1º y 2º Ciclo;Más de 30 años;Universidades privadas;Centros adscritos;Ambos Sexos;.
Matrícula de 1º y 2º Ciclo;Más de 30 años;Universidades privadas;Centros adscritos;Mujeres;.
Matrícula de 1º y 2º Ciclo;Más de 30 años;Universidades privadas;Centros adscritos;Hombres;.
1º y 2º ciclo. Ciclo Corto;Todas las edades;Total Universidades;Total Centros;Ambos Sexos;46.300
1º y 2º ciclo. Ciclo Corto;Todas las edades;Total Universidades;Total Centros;Mujeres;18.445
1º y 2º ciclo. Ciclo Corto;Todas las edades;Total Universidades;Total Centros;Hombres;27.855
1º y 2º ciclo. Ciclo Corto;Todas las edades;Total Universidades;Centros propios;Ambos Sexos;44.598
1º y 2º ciclo. Ciclo Corto;Todas las edades;Total Universidades;Centros propios;Mujeres;17.588
1º y 2º ciclo. Ciclo Corto;Todas las edades;Total Universidades;Centros propios;Hombres;27.010
1º y 2º ciclo. Ciclo Corto;Todas las edades;Total Universidades;Centros adscritos;Ambos Sexos;1.702
1º y 2º ciclo. Ciclo Corto;Todas las edades;Total Universidades;Centros adscritos;Mujeres;857
1º y 2º ciclo. Ciclo Corto;Todas las edades;Total Universidades;Centros adscritos;Hombres;845
1º y 2º ciclo. Ciclo Corto;Todas las edades;Universidades públicas;Total Centros;Ambos Sexos;42.915
1º y 2º ciclo. Ciclo Corto;Todas las edades;Universidades públicas;Total Centros;Mujeres;17.317
1º y 2º ciclo. Ciclo Corto;Todas las edades;Universidades públicas;Total Centros;Hombres;25.598
1º y 2º ciclo. Ciclo Corto;Todas las edades;Universidades públicas;Centros propios;Ambos Sexos;41.213
1º y 2º ciclo. Ciclo Corto;Todas las edades;Universidades públicas;Centros propios;Mujeres;16.460
1º y 2º ciclo. Ciclo Corto;Todas las edades;Universidades públicas;Centros propios;Hombres;24.753
1º y 2º ciclo. Ciclo Corto;Todas las edades;Universidades públicas;Centros adscritos;Ambos Sexos;1.702
1º y 2º ciclo. Ciclo Corto;Todas las edades;Universidades públicas;Centros adscritos;Mujeres;857
1º y 2º ciclo. Ciclo Corto;Todas las edades;Universidades públicas;Centros adscritos;Hombres;845
1º y 2º ciclo. Ciclo Corto;Todas las edades;Universidades privadas;Total Centros;Ambos Sexos;3.385
1º y 2º ciclo. Ciclo Corto;Todas las edades;Universidades privadas;Total Centros;Mujeres;1.128
1º y 2º ciclo. Ciclo Corto;Todas las edades;Universidades privadas;Total Centros;Hombres;2.257
1º y 2º ciclo. Ciclo Corto;Todas las edades;Universidades privadas;Centros propios;Ambos Sexos;3.385
1º y 2º ciclo. Ciclo Corto;Todas las edades;Universidades privadas;Centros propios;Mujeres;1.128
1º y 2º ciclo. Ciclo Corto;Todas las edades;Universidades privadas;Centros propios;Hombres;2.257
1º y 2º ciclo. Ciclo Corto;Todas las edades;Universidades privadas;Centros adscritos;Ambos Sexos;.
1º y 2º ciclo. Ciclo Corto;Todas las edades;Universidades privadas;Centros adscritos;Mujeres;.
1º y 2º ciclo. Ciclo Corto;Todas las edades;Universidades privadas;Centros adscritos;Hombres;.
1º y 2º ciclo. Ciclo Corto;De 18 a 21 años;Total Universidades;Total Centros;Ambos Sexos;.
1º y 2º ciclo. Ciclo Corto;De 18 a 21 años;Total Universidades;Total Centros;Mujeres;.
1º y 2º ciclo. Ciclo Corto;De 18 a 21 años;Total Universidades;Total Centros;Hombres;.
1º y 2º ciclo. Ciclo Corto;De 18 a 21 años;Total Universidades;Centros propios;Ambos Sexos;.
1º y 2º ciclo. Ciclo Corto;De 18 a 21 años;Total Universidades;Centros propios;Mujeres;.
1º y 2º ciclo. Ciclo Corto;De 18 a 21 años;Total Universidades;Centros propios;Hombres;.
1º y 2º ciclo. Ciclo Corto;De 18 a 21 años;Total Universidades;Centros adscritos;Ambos Sexos;.
1º y 2º ciclo. Ciclo Corto;De 18 a 21 años;Total Universidades;Centros adscritos;Mujeres;.
1º y 2º ciclo. Ciclo Corto;De 18 a 21 años;Total Universidades;Centros adscritos;Hombres;.
1º y 2º ciclo. Ciclo Corto;De 18 a 21 años;Universidades públicas;Total Centros;Ambos Sexos;.
1º y 2º ciclo. Ciclo Corto;De 18 a 21 años;Universidades públicas;Total Centros;Mujeres;.
1º y 2º ciclo. Ciclo Corto;De 18 a 21 años;Universidades públicas;Total Centros;Hombres;.
1º y 2º ciclo. Ciclo Corto;De 18 a 21 años;Universidades públicas;Centros propios;Ambos Sexos;.
1º y 2º ciclo. Ciclo Corto;De 18 a 21 años;Universidades públicas;Centros propios;Mujeres;.
1º y 2º ciclo. Ciclo Corto;De 18 a 21 años;Universidades públicas;Centros propios;Hombres;.
1º y 2º ciclo. Ciclo Corto;De 18 a 21 años;Universidades públicas;Centros adscritos;Ambos Sexos;.
1º y 2º ciclo. Ciclo Corto;De 18 a 21 años;Universidades públicas;Centros adscritos;Mujeres;.
1º y 2º ciclo. Ciclo Corto;De 18 a 21 años;Universidades públicas;Centros adscritos;Hombres;.
1º y 2º ciclo. Ciclo Corto;De 18 a 21 años;Universidades privadas;Total Centros;Ambos Sexos;.
1º y 2º ciclo. Ciclo Corto;De 18 a 21 años;Universidades privadas;Total Centros;Mujeres;.
1º y 2º ciclo. Ciclo Corto;De 18 a 21 años;Universidades privadas;Total Centros;Hombres;.
1º y 2º ciclo. Ciclo Corto;De 18 a 21 años;Universidades privadas;Centros propios;Ambos Sexos;.
1º y 2º ciclo. Ciclo Corto;De 18 a 21 años;Universidades privadas;Centros propios;Mujeres;.
1º y 2º ciclo. Ciclo Corto;De 18 a 21 años;Universidades privadas;Centros propios;Hombres;.
1º y 2º ciclo. Ciclo Corto;De 18 a 21 años;Universidades privadas;Centros adscritos;Ambos Sexos;.
1º y 2º ciclo. Ciclo Corto;De 18 a 21 años;Universidades privadas;Centros adscritos;Mujeres;.
1º y 2º ciclo. Ciclo Corto;De 18 a 21 años;Universidades privadas;Centros adscritos;Hombres;.
1º y 2º ciclo. Ciclo Corto;De 22 a 25 años;Total Universidades;Total Centros;Ambos Sexos;13.784
1º y 2º ciclo. Ciclo Corto;De 22 a 25 años;Total Universidades;Total Centros;Mujeres;5.817
1º y 2º ciclo. Ciclo Corto;De 22 a 25 años;Total Universidades;Total Centros;Hombres;7.967
1º y 2º ciclo. Ciclo Corto;De 22 a 25 años;Total Universidades;Centros propios;Ambos Sexos;13.282
1º y 2º ciclo. Ciclo Corto;De 22 a 25 años;Total Universidades;Centros propios;Mujeres;5.568
1º y 2º ciclo. Ciclo Corto;De 22 a 25 años;Total Universidades;Centros propios;Hombres;7.714
1º y 2º ciclo. Ciclo Corto;De 22 a 25 años;Total Universidades;Centros adscritos;Ambos Sexos;502
1º y 2º ciclo. Ciclo Corto;De 22 a 25 años;Total Universidades;Centros adscritos;Mujeres;249
1º y 2º ciclo. Ciclo Corto;De 22 a 25 años;Total Universidades;Centros adscritos;Hombres;253
1º y 2º ciclo. Ciclo Corto;De 22 a 25 años;Universidades públicas;Total Centros;Ambos Sexos;13.324
1º y 2º ciclo. Ciclo Corto;De 22 a 25 años;Universidades públicas;Total Centros;Mujeres;5.629
1º y 2º ciclo. Ciclo Corto;De 22 a 25 años;Universidades públicas;Total Centros;Hombres;7.695
1º y 2º ciclo. Ciclo Corto;De 22 a 25 años;Universidades públicas;Centros propios;Ambos Sexos;12.822
1º y 2º ciclo. Ciclo Corto;De 22 a 25 años;Universidades públicas;Centros propios;Mujeres;5.380
1º y 2º ciclo. Ciclo Corto;De 22 a 25 años;Universidades públicas;Centros propios;Hombres;7.442
1º y 2º ciclo. Ciclo Corto;De 22 a 25 años;Universidades públicas;Centros adscritos;Ambos Sexos;502
1º y 2º ciclo. Ciclo Corto;De 22 a 25 años;Universidades públicas;Centros adscritos;Mujeres;249
1º y 2º ciclo. Ciclo Corto;De 22 a 25 años;Universidades públicas;Centros adscritos;Hombres;253
1º y 2º ciclo. Ciclo Corto;De 22 a 25 años;Universidades privadas;Total Centros;Ambos Sexos;460
1º y 2º ciclo. Ciclo Corto;De 22 a 25 años;Universidades privadas;Total Centros;Mujeres;188
1º y 2º ciclo. Ciclo Corto;De 22 a 25 años;Universidades privadas;Total Centros;Hombres;272
1º y 2º ciclo. Ciclo Corto;De 22 a 25 años;Universidades privadas;Centros propios;Ambos Sexos;460
1º y 2º ciclo. Ciclo Corto;De 22 a 25 años;Universidades privadas;Centros propios;Mujeres;188
1º y 2º ciclo. Ciclo Corto;De 22 a 25 años;Universidades privadas;Centros propios;Hombres;272
1º y 2º ciclo. Ciclo Corto;De 22 a 25 años;Universidades privadas;Centros adscritos;Ambos Sexos;.
1º y 2º ciclo. Ciclo Corto;De 22 a 25 años;Universidades privadas;Centros adscritos;Mujeres;.
1º y 2º ciclo. Ciclo Corto;De 22 a 25 años;Universidades privadas;Centros adscritos;Hombres;.
1º y 2º ciclo. Ciclo Corto;De 26 a 30 años;Total Universidades;Total Centros;Ambos Sexos;16.545
1º y 2º ciclo. Ciclo Corto;De 26 a 30 años;Total Universidades;Total Centros;Mujeres;6.424
1º y 2º ciclo. Ciclo Corto;De 26 a 30 años;Total Universidades;Total Centros;Hombres;10.121
1º y 2º ciclo. Ciclo Corto;De 26 a 30 años;Total Universidades;Centros propios;Ambos Sexos;16.010
1º y 2º ciclo. Ciclo Corto;De 26 a 30 años;Total Universidades;Centros propios;Mujeres;6.157
1º y 2º ciclo. Ciclo Corto;De 26 a 30 años;Total Universidades;Centros propios;Hombres;9.853
1º y 2º ciclo. Ciclo Corto;De 26 a 30 años;Total Universidades;Centros adscritos;Ambos Sexos;535
1º y 2º ciclo. Ciclo Corto;De 26 a 30 años;Total Universidades;Centros adscritos;Mujeres;267
1º y 2º ciclo. Ciclo Corto;De 26 a 30 años;Total Universidades;Centros adscritos;Hombres;268
1º y 2º ciclo. Ciclo Corto;De 26 a 30 años;Universidades públicas;Total Centros;Ambos Sexos;15.778
1º y 2º ciclo. Ciclo Corto;De 26 a 30 años;Universidades públicas;Total Centros;Mujeres;6.148
1º y 2º ciclo. Ciclo Corto;De 26 a 30 años;Universidades públicas;Total Centros;Hombres;9.630
1º y 2º ciclo. Ciclo Corto;De 26 a 30 años;Universidades públicas;Centros propios;Ambos Sexos;15.243
1º y 2º ciclo. Ciclo Corto;De 26 a 30 años;Universidades públicas;Centros propios;Mujeres;5.881
1º y 2º ciclo. Ciclo Corto;De 26 a 30 años;Universidades públicas;Centros propios;Hombres;9.362
1º y 2º ciclo. Ciclo Corto;De 26 a 30 años;Universidades públicas;Centros adscritos;Ambos Sexos;535
1º y 2º ciclo. Ciclo Corto;De 26 a 30 años;Universidades públicas;Centros adscritos;Mujeres;267
1º y 2º ciclo. Ciclo Corto;De 26 a 30 años;Universidades públicas;Centros adscritos;Hombres;268
1º y 2º ciclo. Ciclo Corto;De 26 a 30 años;Universidades privadas;Total Centros;Ambos Sexos;767
1º y 2º ciclo. Ciclo Corto;De 26 a 30 años;Universidades privadas;Total Centros;Mujeres;276
1º y 2º ciclo. Ciclo Corto;De 26 a 30 años;Universidades privadas;Total Centros;Hombres;491
1º y 2º ciclo. Ciclo Corto;De 26 a 30 años;Universidades privadas;Centros propios;Ambos Sexos;767
1º y 2º ciclo. Ciclo Corto;De 26 a 30 años;Universidades privadas;Centros propios;Mujeres;276
1º y 2º ciclo. Ciclo Corto;De 26 a 30 años;Universidades privadas;Centros propios;Hombres;491
1º y 2º ciclo. Ciclo Corto;De 26 a 30 años;Universidades privadas;Centros adscritos;Ambos Sexos;.
1º y 2º ciclo. Ciclo Corto;De 26 a 30 años;Universidades privadas;Centros adscritos;Mujeres;.
1º y 2º ciclo. Ciclo Corto;De 26 a 30 años;Universidades privadas;Centros adscritos;Hombres;.
1º y 2º ciclo. Ciclo Corto;Más de 30 años;Total Universidades;Total Centros;Ambos Sexos;15.964
1º y 2º ciclo. Ciclo Corto;Más de 30 años;Total Universidades;Total Centros;Mujeres;6.200
1º y 2º ciclo. Ciclo Corto;Más de 30 años;Total Universidades;Total Centros;Hombres;9.764
1º y 2º ciclo. Ciclo Corto;Más de 30 años;Total Universidades;Centros propios;Ambos Sexos;15.299
1º y 2º ciclo. Ciclo Corto;Más de 30 años;Total Universidades;Centros propios;Mujeres;5.859
1º y 2º ciclo. Ciclo Corto;Más de 30 años;Total Universidades;Centros propios;Hombres;9.440
1º y 2º ciclo. Ciclo Corto;Más de 30 años;Total Universidades;Centros adscritos;Ambos Sexos;665
1º y 2º ciclo. Ciclo Corto;Más de 30 años;Total Universidades;Centros adscritos;Mujeres;341
1º y 2º ciclo. Ciclo Corto;Más de 30 años;Total Universidades;Centros adscritos;Hombres;324
1º y 2º ciclo. Ciclo Corto;Más de 30 años;Universidades públicas;Total Centros;Ambos Sexos;13.806
1º y 2º ciclo. Ciclo Corto;Más de 30 años;Universidades públicas;Total Centros;Mujeres;5.536
1º y 2º ciclo. Ciclo Corto;Más de 30 años;Universidades públicas;Total Centros;Hombres;8.270
1º y 2º ciclo. Ciclo Corto;Más de 30 años;Universidades públicas;Centros propios;Ambos Sexos;13.141
1º y 2º ciclo. Ciclo Corto;Más de 30 años;Universidades públicas;Centros propios;Mujeres;5.195
1º y 2º ciclo. Ciclo Corto;Más de 30 años;Universidades públicas;Centros propios;Hombres;7.946
1º y 2º ciclo. Ciclo Corto;Más de 30 años;Universidades públicas;Centros adscritos;Ambos Sexos;665
1º y 2º ciclo. Ciclo Corto;Más de 30 años;Universidades públicas;Centros adscritos;Mujeres;341
1º y 2º ciclo. Ciclo Corto;Más de 30 años;Universidades públicas;Centros adscritos;Hombres;324
1º y 2º ciclo. Ciclo Corto;Más de 30 años;Universidades privadas;Total Centros;Ambos Sexos;2.158
1º y 2º ciclo. Ciclo Corto;Más de 30 años;Universidades privadas;Total Centros;Mujeres;664
1º y 2º ciclo. Ciclo Corto;Más de 30 años;Universidades privadas;Total Centros;Hombres;1.494
1º y 2º ciclo. Ciclo Corto;Más de 30 años;Universidades privadas;Centros propios;Ambos Sexos;2.158
1º y 2º ciclo. Ciclo Corto;Más de 30 años;Universidades privadas;Centros propios;Mujeres;664
1º y 2º ciclo. Ciclo Corto;Más de 30 años;Universidades privadas;Centros propios;Hombres;1.494
1º y 2º ciclo. Ciclo Corto;Más de 30 años;Universidades privadas;Centros adscritos;Ambos Sexos;.
1º y 2º ciclo. Ciclo Corto;Más de 30 años;Universidades privadas;Centros adscritos;Mujeres;.
1º y 2º ciclo. Ciclo Corto;Más de 30 años;Universidades privadas;Centros adscritos;Hombres;.
1º y 2º ciclo. Ciclo Largo;Todas las edades;Total Universidades;Total Centros;Ambos Sexos;164.115
1º y 2º ciclo. Ciclo Largo;Todas las edades;Total Universidades;Total Centros;Mujeres;82.673
1º y 2º ciclo. Ciclo Largo;Todas las edades;Total Universidades;Total Centros;Hombres;81.442
1º y 2º ciclo. Ciclo Largo;Todas las edades;Total Universidades;Centros propios;Ambos Sexos;162.504
1º y 2º ciclo. Ciclo Largo;Todas las edades;Total Universidades;Centros propios;Mujeres;81.866
1º y 2º ciclo. Ciclo Largo;Todas las edades;Total Universidades;Centros propios;Hombres;80.638
1º y 2º ciclo. Ciclo Largo;Todas las edades;Total Universidades;Centros adscritos;Ambos Sexos;1.611
1º y 2º ciclo. Ciclo Largo;Todas las edades;Total Universidades;Centros adscritos;Mujeres;807
1º y 2º ciclo. Ciclo Largo;Todas las edades;Total Universidades;Centros adscritos;Hombres;804
1º y 2º ciclo. Ciclo Largo;Todas las edades;Universidades públicas;Total Centros;Ambos Sexos;151.393
1º y 2º ciclo. Ciclo Largo;Todas las edades;Universidades públicas;Total Centros;Mujeres;76.942
1º y 2º ciclo. Ciclo Largo;Todas las edades;Universidades públicas;Total Centros;Hombres;74.451
1º y 2º ciclo. Ciclo Largo;Todas las edades;Universidades públicas;Centros propios;Ambos Sexos;149.782
1º y 2º ciclo. Ciclo Largo;Todas las edades;Universidades públicas;Centros propios;Mujeres;76.135
1º y 2º ciclo. Ciclo Largo;Todas las edades;Universidades públicas;Centros propios;Hombres;73.647
1º y 2º ciclo. Ciclo Largo;Todas las edades;Universidades públicas;Centros adscritos;Ambos Sexos;1.611
1º y 2º ciclo. Ciclo Largo;Todas las edades;Universidades públicas;Centros adscritos;Mujeres;807
1º y 2º ciclo. Ciclo Largo;Todas las edades;Universidades públicas;Centros adscritos;Hombres;804
1º y 2º ciclo. Ciclo Largo;Todas las edades;Universidades privadas;Total Centros;Ambos Sexos;12.722
1º y 2º ciclo. Ciclo Largo;Todas las edades;Universidades privadas;Total Centros;Mujeres;5.731
1º y 2º ciclo. Ciclo Largo;Todas las edades;Universidades privadas;Total Centros;Hombres;6.991
1º y 2º ciclo. Ciclo Largo;Todas las edades;Universidades privadas;Centros propios;Ambos Sexos;12.722
1º y 2º ciclo. Ciclo Largo;Todas las edades;Universidades privadas;Centros propios;Mujeres;5.731
1º y 2º ciclo. Ciclo Largo;Todas las edades;Universidades privadas;Centros propios;Hombres;6.991
1º y 2º ciclo. Ciclo Largo;Todas las edades;Universidades privadas;Centros adscritos;Ambos Sexos;.
1º y 2º ciclo. Ciclo Largo;Todas las edades;Universidades privadas;Centros adscritos;Mujeres;.
1º y 2º ciclo. Ciclo Largo;Todas las edades;Universidades privadas;Centros adscritos;Hombres;.
1º y 2º ciclo. Ciclo Largo;De 18 a 21 años;Total Universidades;Total Centros;Ambos Sexos;226
1º y 2º ciclo. Ciclo Largo;De 18 a 21 años;Total Universidades;Total Centros;Mujeres;126
1º y 2º ciclo. Ciclo Largo;De 18 a 21 años;Total Universidades;Total Centros;Hombres;100
1º y 2º ciclo. Ciclo Largo;De 18 a 21 años;Total Universidades;Centros propios;Ambos Sexos;224
1º y 2º ciclo. Ciclo Largo;De 18 a 21 años;Total Universidades;Centros propios;Mujeres;126
1º y 2º ciclo. Ciclo Largo;De 18 a 21 años;Total Universidades;Centros propios;Hombres;..
1º y 2º ciclo. Ciclo Largo;De 18 a 21 años;Total Universidades;Centros adscritos;Ambos Sexos;.
1º y 2º ciclo. Ciclo Largo;De 18 a 21 años;Total Universidades;Centros adscritos;Mujeres;.
1º y 2º ciclo. Ciclo Largo;De 18 a 21 años;Total Universidades;Centros adscritos;Hombres;.
1º y 2º ciclo. Ciclo Largo;De 18 a 21 años;Universidades públicas;Total Centros;Ambos Sexos;219
1º y 2º ciclo. Ciclo Largo;De 18 a 21 años;Universidades públicas;Total Centros;Mujeres;123
1º y 2º ciclo. Ciclo Largo;De 18 a 21 años;Universidades públicas;Total Centros;Hombres;..
1º y 2º ciclo. Ciclo Largo;De 18 a 21 años;Universidades públicas;Centros propios;Ambos Sexos;217
1º y 2º ciclo. Ciclo Largo;De 18 a 21 años;Universidades públicas;Centros propios;Mujeres;123
1º y 2º ciclo. Ciclo Largo;De 18 a 21 años;Universidades públicas;Centros propios;Hombres;..
1º y 2º ciclo. Ciclo Largo;De 18 a 21 años;Universidades públicas;Centros adscritos;Ambos Sexos;.
1º y 2º ciclo. Ciclo Largo;De 18 a 21 años;Universidades públicas;Centros adscritos;Mujeres;.
1º y 2º ciclo. Ciclo Largo;De 18 a 21 años;Universidades públicas;Centros adscritos;Hombres;.
1º y 2º ciclo. Ciclo Largo;De 18 a 21 años;Universidades privadas;Total Centros;Ambos Sexos;.
1º y 2º ciclo. Ciclo Largo;De 18 a 21 años;Universidades privadas;Total Centros;Mujeres;.
1º y 2º ciclo. Ciclo Largo;De 18 a 21 años;Universidades privadas;Total Centros;Hombres;.
1º y 2º ciclo. Ciclo Largo;De 18 a 21 años;Universidades privadas;Centros propios;Ambos Sexos;.
1º y 2º ciclo. Ciclo Largo;De 18 a 21 años;Universidades privadas;Centros propios;Mujeres;.
1º y 2º ciclo. Ciclo Largo;De 18 a 21 años;Universidades privadas;Centros propios;Hombres;.
1º y 2º ciclo. Ciclo Largo;De 18 a 21 años;Universidades privadas;Centros adscritos;Ambos Sexos;.
1º y 2º ciclo. Ciclo Largo;De 18 a 21 años;Universidades privadas;Centros adscritos;Mujeres;.
1º y 2º ciclo. Ciclo Largo;De 18 a 21 años;Universidades privadas;Centros adscritos;Hombres;.
1º y 2º ciclo. Ciclo Largo;De 22 a 25 años;Total Universidades;Total Centros;Ambos Sexos;90.899
1º y 2º ciclo. Ciclo Largo;De 22 a 25 años;Total Universidades;Total Centros;Mujeres;48.187
1º y 2º ciclo. Ciclo Largo;De 22 a 25 años;Total Universidades;Total Centros;Hombres;42.712
1º y 2º ciclo. Ciclo Largo;De 22 a 25 años;Total Universidades;Centros propios;Ambos Sexos;89.614
1º y 2º ciclo. Ciclo Largo;De 22 a 25 años;Total Universidades;Centros propios;Mujeres;47.528
1º y 2º ciclo. Ciclo Largo;De 22 a 25 años;Total Universidades;Centros propios;Hombres;42.086
1º y 2º ciclo. Ciclo Largo;De 22 a 25 años;Total Universidades;Centros adscritos;Ambos Sexos;1.285
1º y 2º ciclo. Ciclo Largo;De 22 a 25 años;Total Universidades;Centros adscritos;Mujeres;659
1º y 2º ciclo. Ciclo Largo;De 22 a 25 años;Total Universidades;Centros adscritos;Hombres;626
1º y 2º ciclo. Ciclo Largo;De 22 a 25 años;Universidades públicas;Total Centros;Ambos Sexos;85.008
1º y 2º ciclo. Ciclo Largo;De 22 a 25 años;Universidades públicas;Total Centros;Mujeres;45.354
1º y 2º ciclo. Ciclo Largo;De 22 a 25 años;Universidades públicas;Total Centros;Hombres;39.654
1º y 2º ciclo. Ciclo Largo;De 22 a 25 años;Universidades públicas;Centros propios;Ambos Sexos;83.723
1º y 2º ciclo. Ciclo Largo;De 22 a 25 años;Universidades públicas;Centros propios;Mujeres;44.695
1º y 2º ciclo. Ciclo Largo;De 22 a 25 años;Universidades públicas;Centros propios;Hombres;39.028
1º y 2º ciclo. Ciclo Largo;De 22 a 25 años;Universidades públicas;Centros adscritos;Ambos Sexos;1.285
1º y 2º ciclo. Ciclo Largo;De 22 a 25 años;Universidades públicas;Centros adscritos;Mujeres;659
1º y 2º ciclo. Ciclo Largo;De 22 a 25 años;Universidades públicas;Centros adscritos;Hombres;626
1º y 2º ciclo. Ciclo Largo;De 22 a 25 años;Universidades privadas;Total Centros;Ambos Sexos;5.891
1º y 2º ciclo. Ciclo Largo;De 22 a 25 años;Universidades privadas;Total Centros;Mujeres;2.833
1º y 2º ciclo. Ciclo Largo;De 22 a 25 años;Universidades privadas;Total Centros;Hombres;3.058
1º y 2º ciclo. Ciclo Largo;De 22 a 25 años;Universidades privadas;Centros propios;Ambos Sexos;5.891
1º y 2º ciclo. Ciclo Largo;De 22 a 25 años;Universidades privadas;Centros propios;Mujeres;2.833
1º y 2º ciclo. Ciclo Largo;De 22 a 25 años;Universidades privadas;Centros propios;Hombres;3.058
1º y 2º ciclo. Ciclo Largo;De 22 a 25 años;Universidades privadas;Centros adscritos;Ambos Sexos;.
1º y 2º ciclo. Ciclo Largo;De 22 a 25 años;Universidades privadas;Centros adscritos;Mujeres;.
1º y 2º ciclo. Ciclo Largo;De 22 a 25 años;Universidades privadas;Centros adscritos;Hombres;.
1º y 2º ciclo. Ciclo Largo;De 26 a 30 años;Total Universidades;Total Centros;Ambos Sexos;36.430
1º y 2º ciclo. Ciclo Largo;De 26 a 30 años;Total Universidades;Total Centros;Mujeres;17.691
1º y 2º ciclo. Ciclo Largo;De 26 a 30 años;Total Universidades;Total Centros;Hombres;18.739
1º y 2º ciclo. Ciclo Largo;De 26 a 30 años;Total Universidades;Centros propios;Ambos Sexos;36.215
1º y 2º ciclo. Ciclo Largo;De 26 a 30 años;Total Universidades;Centros propios;Mujeres;17.591
1º y 2º ciclo. Ciclo Largo;De 26 a 30 años;Total Universidades;Centros propios;Hombres;18.624
1º y 2º ciclo. Ciclo Largo;De 26 a 30 años;Total Universidades;Centros adscritos;Ambos Sexos;215
1º y 2º ciclo. Ciclo Largo;De 26 a 30 años;Total Universidades;Centros adscritos;Mujeres;100
1º y 2º ciclo. Ciclo Largo;De 26 a 30 años;Total Universidades;Centros adscritos;Hombres;115
1º y 2º ciclo. Ciclo Largo;De 26 a 30 años;Universidades públicas;Total Centros;Ambos Sexos;33.585
1º y 2º ciclo. Ciclo Largo;De 26 a 30 años;Universidades públicas;Total Centros;Mujeres;16.476
1º y 2º ciclo. Ciclo Largo;De 26 a 30 años;Universidades públicas;Total Centros;Hombres;17.109
1º y 2º ciclo. Ciclo Largo;De 26 a 30 años;Universidades públicas;Centros propios;Ambos Sexos;33.370
1º y 2º ciclo. Ciclo Largo;De 26 a 30 años;Universidades públicas;Centros propios;Mujeres;16.376
1º y 2º ciclo. Ciclo Largo;De 26 a 30 años;Universidades públicas;Centros propios;Hombres;16.994
1º y 2º ciclo. Ciclo Largo;De 26 a 30 años;Universidades públicas;Centros adscritos;Ambos Sexos;215
1º y 2º ciclo. Ciclo Largo;De 26 a 30 años;Universidades públicas;Centros adscritos;Mujeres;100
1º y 2º ciclo. Ciclo Largo;De 26 a 30 años;Universidades públicas;Centros adscritos;Hombres;115
1º y 2º ciclo. Ciclo Largo;De 26 a 30 años;Universidades privadas;Total Centros;Ambos Sexos;2.845
1º y 2º ciclo. Ciclo Largo;De 26 a 30 años;Universidades privadas;Total Centros;Mujeres;1.215
1º y 2º ciclo. Ciclo Largo;De 26 a 30 años;Universidades privadas;Total Centros;Hombres;1.630
1º y 2º ciclo. Ciclo Largo;De 26 a 30 años;Universidades privadas;Centros propios;Ambos Sexos;2.845
1º y 2º ciclo. Ciclo Largo;De 26 a 30 años;Universidades privadas;Centros propios;Mujeres;1.215
1º y 2º ciclo. Ciclo Largo;De 26 a 30 años;Universidades privadas;Centros propios;Hombres;1.630
1º y 2º ciclo. Ciclo Largo;De 26 a 30 años;Universidades privadas;Centros adscritos;Ambos Sexos;.
1º y 2º ciclo. Ciclo Largo;De 26 a 30 años;Universidades privadas;Centros adscritos;Mujeres;.
1º y 2º ciclo. Ciclo Largo;De 26 a 30 años;Universidades privadas;Centros adscritos;Hombres;.
1º y 2º ciclo. Ciclo Largo;Más de 30 años;Total Universidades;Total Centros;Ambos Sexos;36.560
1º y 2º ciclo. Ciclo Largo;Más de 30 años;Total Universidades;Total Centros;Mujeres;16.669
1º y 2º ciclo. Ciclo Largo;Más de 30 años;Total Universidades;Total Centros;Hombres;19.891
1º y 2º ciclo. Ciclo Largo;Más de 30 años;Total Universidades;Centros propios;Ambos Sexos;36.451
1º y 2º ciclo. Ciclo Largo;Más de 30 años;Total Universidades;Centros propios;Mujeres;16.621
1º y 2º ciclo. Ciclo Largo;Más de 30 años;Total Universidades;Centros propios;Hombres;19.830
1º y 2º ciclo. Ciclo Largo;Más de 30 años;Total Universidades;Centros adscritos;Ambos Sexos;109
1º y 2º ciclo. Ciclo Largo;Más de 30 años;Total Universidades;Centros adscritos;Mujeres;..
1º y 2º ciclo. Ciclo Largo;Más de 30 años;Total Universidades;Centros adscritos;Hombres;..
1º y 2º ciclo. Ciclo Largo;Más de 30 años;Universidades públicas;Total Centros;Ambos Sexos;32.581
1º y 2º ciclo. Ciclo Largo;Más de 30 años;Universidades públicas;Total Centros;Mujeres;14.989
1º y 2º ciclo. Ciclo Largo;Más de 30 años;Universidades públicas;Total Centros;Hombres;17.592
1º y 2º ciclo. Ciclo Largo;Más de 30 años;Universidades públicas;Centros propios;Ambos Sexos;32.472
1º y 2º ciclo. Ciclo Largo;Más de 30 años;Universidades públicas;Centros propios;Mujeres;14.941
1º y 2º ciclo. Ciclo Largo;Más de 30 años;Universidades públicas;Centros propios;Hombres;17.531
1º y 2º ciclo. Ciclo Largo;Más de 30 años;Universidades públicas;Centros adscritos;Ambos Sexos;109
1º y 2º ciclo. Ciclo Largo;Más de 30 años;Universidades públicas;Centros adscritos;Mujeres;..
1º y 2º ciclo. Ciclo Largo;Más de 30 años;Universidades públicas;Centros adscritos;Hombres;..
1º y 2º ciclo. Ciclo Largo;Más de 30 años;Universidades privadas;Total Centros;Ambos Sexos;3.979
1º y 2º ciclo. Ciclo Largo;Más de 30 años;Universidades privadas;Total Centros;Mujeres;1.680
1º y 2º ciclo. Ciclo Largo;Más de 30 años;Universidades privadas;Total Centros;Hombres;2.299
1º y 2º ciclo. Ciclo Largo;Más de 30 años;Universidades privadas;Centros propios;Ambos Sexos;3.979
1º y 2º ciclo. Ciclo Largo;Más de 30 años;Universidades privadas;Centros propios;Mujeres;1.680
1º y 2º ciclo. Ciclo Largo;Más de 30 años;Universidades privadas;Centros propios;Hombres;2.299
1º y 2º ciclo. Ciclo Largo;Más de 30 años;Universidades privadas;Centros adscritos;Ambos Sexos;.
1º y 2º ciclo. Ciclo Largo;Más de 30 años;Universidades privadas;Centros adscritos;Mujeres;.
1º y 2º ciclo. Ciclo Largo;Más de 30 años;Universidades privadas;Centros adscritos;Hombres;.
1º y 2º ciclo. Solo Segundo Ciclo;Todas las edades;Total Universidades;Total Centros;Ambos Sexos;16.370
1º y 2º ciclo. Solo Segundo Ciclo;Todas las edades;Total Universidades;Total Centros;Mujeres;9.638
1º y 2º ciclo. Solo Segundo Ciclo;Todas las edades;Total Universidades;Total Centros;Hombres;6.732
1º y 2º ciclo. Solo Segundo Ciclo;Todas las edades;Total Universidades;Centros propios;Ambos Sexos;16.076
1º y 2º ciclo. Solo Segundo Ciclo;Todas las edades;Total Universidades;Centros propios;Mujeres;9.405
1º y 2º ciclo. Solo Segundo Ciclo;Todas las edades;Total Universidades;Centros propios;Hombres;6.671
1º y 2º ciclo. Solo Segundo Ciclo;Todas las edades;Total Universidades;Centros adscritos;Ambos Sexos;294
1º y 2º ciclo. Solo Segundo Ciclo;Todas las edades;Total Universidades;Centros adscritos;Mujeres;233
1º y 2º ciclo. Solo Segundo Ciclo;Todas las edades;Total Universidades;Centros adscritos;Hombres;..
1º y 2º ciclo. Solo Segundo Ciclo;Todas las edades;Universidades públicas;Total Centros;Ambos Sexos;12.978
1º y 2º ciclo. Solo Segundo Ciclo;Todas las edades;Universidades públicas;Total Centros;Mujeres;7.268
1º y 2º ciclo. Solo Segundo Ciclo;Todas las edades;Universidades públicas;Total Centros;Hombres;5.710
1º y 2º ciclo. Solo Segundo Ciclo;Todas las edades;Universidades públicas;Centros propios;Ambos Sexos;12.684
1º y 2º ciclo. Solo Segundo Ciclo;Todas las edades;Universidades públicas;Centros propios;Mujeres;7.035
1º y 2º ciclo. Solo Segundo Ciclo;Todas las edades;Universidades públicas;Centros propios;Hombres;5.649
1º y 2º ciclo. Solo Segundo Ciclo;Todas las edades;Universidades públicas;Centros adscritos;Ambos Sexos;294
1º y 2º ciclo. Solo Segundo Ciclo;Todas las edades;Universidades públicas;Centros adscritos;Mujeres;233
1º y 2º ciclo. Solo Segundo Ciclo;Todas las edades;Universidades públicas;Centros adscritos;Hombres;..
1º y 2º ciclo. Solo Segundo Ciclo;Todas las edades;Universidades privadas;Total Centros;Ambos Sexos;3.392
1º y 2º ciclo. Solo Segundo Ciclo;Todas las edades;Universidades privadas;Total Centros;Mujeres;2.370
1º y 2º ciclo. Solo Segundo Ciclo;Todas las edades;Universidades privadas;Total Centros;Hombres;1.022
1º y 2º ciclo. Solo Segundo Ciclo;Todas las edades;Universidades privadas;Centros propios;Ambos Sexos;3.392
1º y 2º ciclo. Solo Segundo Ciclo;Todas las edades;Universidades privadas;Centros propios;Mujeres;2.370
1º y 2º ciclo. Solo Segundo Ciclo;Todas las edades;Universidades privadas;Centros propios;Hombres;1.022
1º y 2º ciclo. Solo Segundo Ciclo;Todas las edades;Universidades privadas;Centros adscritos;Ambos Sexos;.
1º y 2º ciclo. Solo Segundo Ciclo;Todas las edades;Universidades privadas;Centros adscritos;Mujeres;.
1º y 2º ciclo. Solo Segundo Ciclo;Todas las edades;Universidades privadas;Centros adscritos;Hombres;.
1º y 2º ciclo. Solo Segundo Ciclo;De 18 a 21 años;Total Universidades;Total Centros;Ambos Sexos;..
1º y 2º ciclo. Solo Segundo Ciclo;De 18 a 21 años;Total Universidades;Total Centros;Mujeres;.
1º y 2º ciclo. Solo Segundo Ciclo;De 18 a 21 años;Total Universidades;Total Centros;Hombres;.
1º y 2º ciclo. Solo Segundo Ciclo;De 18 a 21 años;Total Universidades;Centros propios;Ambos Sexos;..
1º y 2º ciclo. Solo Segundo Ciclo;De 18 a 21 años;Total Universidades;Centros propios;Mujeres;.
1º y 2º ciclo. Solo Segundo Ciclo;De 18 a 21 años;Total Universidades;Centros propios;Hombres;.
1º y 2º ciclo. Solo Segundo Ciclo;De 18 a 21 años;Total Universidades;Centros adscritos;Ambos Sexos;.
1º y 2º ciclo. Solo Segundo Ciclo;De 18 a 21 años;Total Universidades;Centros adscritos;Mujeres;.
1º y 2º ciclo. Solo Segundo Ciclo;De 18 a 21 años;Total Universidades;Centros adscritos;Hombres;.
1º y 2º ciclo. Solo Segundo Ciclo;De 18 a 21 años;Universidades públicas;Total Centros;Ambos Sexos;..
1º y 2º ciclo. Solo Segundo Ciclo;De 18 a 21 años;Universidades públicas;Total Centros;Mujeres;.
1º y 2º ciclo. Solo Segundo Ciclo;De 18 a 21 años;Universidades públicas;Total Centros;Hombres;.
1º y 2º ciclo. Solo Segundo Ciclo;De 18 a 21 años;Universidades públicas;Centros propios;Ambos Sexos;..
1º y 2º ciclo. Solo Segundo Ciclo;De 18 a 21 años;Universidades públicas;Centros propios;Mujeres;.
1º y 2º ciclo. Solo Segundo Ciclo;De 18 a 21 años;Universidades públicas;Centros propios;Hombres;.
1º y 2º ciclo. Solo Segundo Ciclo;De 18 a 21 años;Universidades públicas;Centros adscritos;Ambos Sexos;.
1º y 2º ciclo. Solo Segundo Ciclo;De 18 a 21 años;Universidades públicas;Centros adscritos;Mujeres;.
1º y 2º ciclo. Solo Segundo Ciclo;De 18 a 21 años;Universidades públicas;Centros adscritos;Hombres;.
1º y 2º ciclo. Solo Segundo Ciclo;De 18 a 21 años;Universidades privadas;Total Centros;Ambos Sexos;.
1º y 2º ciclo. Solo Segundo Ciclo;De 18 a 21 años;Universidades privadas;Total Centros;Mujeres;.
1º y 2º ciclo. Solo Segundo Ciclo;De 18 a 21 años;Universidades privadas;Total Centros;Hombres;.
1º y 2º ciclo. Solo Segundo Ciclo;De 18 a 21 años;Universidades privadas;Centros propios;Ambos Sexos;.
1º y 2º ciclo. Solo Segundo Ciclo;De 18 a 21 años;Universidades privadas;Centros propios;Mujeres;.
1º y 2º ciclo. Solo Segundo Ciclo;De 18 a 21 años;Universidades privadas;Centros propios;Hombres;.
1º y 2º ciclo. Solo Segundo Ciclo;De 18 a 21 años;Universidades privadas;Centros adscritos;Ambos Sexos;.
1º y 2º ciclo. Solo Segundo Ciclo;De 18 a 21 años;Universidades privadas;Centros adscritos;Mujeres;.
1º y 2º ciclo. Solo Segundo Ciclo;De 18 a 21 años;Universidades privadas;Centros adscritos;Hombres;.
1º y 2º ciclo. Solo Segundo Ciclo;De 22 a 25 años;Total Universidades;Total Centros;Ambos Sexos;5.255
1º y 2º ciclo. Solo Segundo Ciclo;De 22 a 25 años;Total Universidades;Total Centros;Mujeres;3.396
1º y 2º ciclo. Solo Segundo Ciclo;De 22 a 25 años;Total Universidades;Total Centros;Hombres;1.859
1º y 2º ciclo. Solo Segundo Ciclo;De 22 a 25 años;Total Universidades;Centros propios;Ambos Sexos;5.053
1º y 2º ciclo. Solo Segundo Ciclo;De 22 a 25 años;Total Universidades;Centros propios;Mujeres;3.235
1º y 2º ciclo. Solo Segundo Ciclo;De 22 a 25 años;Total Universidades;Centros propios;Hombres;1.818
1º y 2º ciclo. Solo Segundo Ciclo;De 22 a 25 años;Total Universidades;Centros adscritos;Ambos Sexos;202
1º y 2º ciclo. Solo Segundo Ciclo;De 22 a 25 años;Total Universidades;Centros adscritos;Mujeres;161
1º y 2º ciclo. Solo Segundo Ciclo;De 22 a 25 años;Total Universidades;Centros adscritos;Hombres;..
1º y 2º ciclo. Solo Segundo Ciclo;De 22 a 25 años;Universidades públicas;Total Centros;Ambos Sexos;4.597
1º y 2º ciclo. Solo Segundo Ciclo;De 22 a 25 años;Universidades públicas;Total Centros;Mujeres;2.866
1º y 2º ciclo. Solo Segundo Ciclo;De 22 a 25 años;Universidades públicas;Total Centros;Hombres;1.731
1º y 2º ciclo. Solo Segundo Ciclo;De 22 a 25 años;Universidades públicas;Centros propios;Ambos Sexos;4.395
1º y 2º ciclo. Solo Segundo Ciclo;De 22 a 25 años;Universidades públicas;Centros propios;Mujeres;2.705
1º y 2º ciclo. Solo Segundo Ciclo;De 22 a 25 años;Universidades públicas;Centros propios;Hombres;1.690
1º y 2º ciclo. Solo Segundo Ciclo;De 22 a 25 años;Universidades públicas;Centros adscritos;Ambos Sexos;202
1º y 2º ciclo. Solo Segundo Ciclo;De 22 a 25 años;Universidades públicas;Centros adscritos;Mujeres;161
1º y 2º ciclo. Solo Segundo Ciclo;De 22 a 25 años;Universidades públicas;Centros adscritos;Hombres;..
1º y 2º ciclo. Solo Segundo Ciclo;De 22 a 25 años;Universidades privadas;Total Centros;Ambos Sexos;658
1º y 2º ciclo. Solo Segundo Ciclo;De 22 a 25 años;Universidades privadas;Total Centros;Mujeres;530
1º y 2º ciclo. Solo Segundo Ciclo;De 22 a 25 años;Universidades privadas;Total Centros;Hombres;128
1º y 2º ciclo. Solo Segundo Ciclo;De 22 a 25 años;Universidades privadas;Centros propios;Ambos Sexos;658
1º y 2º ciclo. Solo Segundo Ciclo;De 22 a 25 años;Universidades privadas;Centros propios;Mujeres;530
1º y 2º ciclo. Solo Segundo Ciclo;De 22 a 25 años;Universidades privadas;Centros propios;Hombres;128
1º y 2º ciclo. Solo Segundo Ciclo;De 22 a 25 años;Universidades privadas;Centros adscritos;Ambos Sexos;.
1º y 2º ciclo. Solo Segundo Ciclo;De 22 a 25 años;Universidades privadas;Centros adscritos;Mujeres;.
1º y 2º ciclo. Solo Segundo Ciclo;De 22 a 25 años;Universidades privadas;Centros adscritos;Hombres;.
1º y 2º ciclo. Solo Segundo Ciclo;De 26 a 30 años;Total Universidades;Total Centros;Ambos Sexos;4.613
1º y 2º ciclo. Solo Segundo Ciclo;De 26 a 30 años;Total Universidades;Total Centros;Mujeres;2.667
1º y 2º ciclo. Solo Segundo Ciclo;De 26 a 30 años;Total Universidades;Total Centros;Hombres;1.946
1º y 2º ciclo. Solo Segundo Ciclo;De 26 a 30 años;Total Universidades;Centros propios;Ambos Sexos;4.562
1º y 2º ciclo. Solo Segundo Ciclo;De 26 a 30 años;Total Universidades;Centros propios;Mujeres;2.630
1º y 2º ciclo. Solo Segundo Ciclo;De 26 a 30 años;Total Universidades;Centros propios;Hombres;1.932
1º y 2º ciclo. Solo Segundo Ciclo;De 26 a 30 años;Total Universidades;Centros adscritos;Ambos Sexos;..
1º y 2º ciclo. Solo Segundo Ciclo;De 26 a 30 años;Total Universidades;Centros adscritos;Mujeres;..
1º y 2º ciclo. Solo Segundo Ciclo;De 26 a 30 años;Total Universidades;Centros adscritos;Hombres;..
1º y 2º ciclo. Solo Segundo Ciclo;De 26 a 30 años;Universidades públicas;Total Centros;Ambos Sexos;3.802
1º y 2º ciclo. Solo Segundo Ciclo;De 26 a 30 años;Universidades públicas;Total Centros;Mujeres;2.025
1º y 2º ciclo. Solo Segundo Ciclo;De 26 a 30 años;Universidades públicas;Total Centros;Hombres;1.777
1º y 2º ciclo. Solo Segundo Ciclo;De 26 a 30 años;Universidades públicas;Centros propios;Ambos Sexos;3.751
1º y 2º ciclo. Solo Segundo Ciclo;De 26 a 30 años;Universidades públicas;Centros propios;Mujeres;1.988
1º y 2º ciclo. Solo Segundo Ciclo;De 26 a 30 años;Universidades públicas;Centros propios;Hombres;1.763
1º y 2º ciclo. Solo Segundo Ciclo;De 26 a 30 años;Universidades públicas;Centros adscritos;Ambos Sexos;..
1º y 2º ciclo. Solo Segundo Ciclo;De 26 a 30 años;Universidades públicas;Centros adscritos;Mujeres;..
1º y 2º ciclo. Solo Segundo Ciclo;De 26 a 30 años;Universidades públicas;Centros adscritos;Hombres;..
1º y 2º ciclo. Solo Segundo Ciclo;De 26 a 30 años;Universidades privadas;Total Centros;Ambos Sexos;811
1º y 2º ciclo. Solo Segundo Ciclo;De 26 a 30 años;Universidades privadas;Total Centros;Mujeres;642
1º y 2º ciclo. Solo Segundo Ciclo;De 26 a 30 años;Universidades privadas;Total Centros;Hombres;169
1º y 2º ciclo. Solo Segundo Ciclo;De 26 a 30 años;Universidades privadas;Centros propios;Ambos Sexos;811
1º y 2º ciclo. Solo Segundo Ciclo;De 26 a 30 años;Universidades privadas;Centros propios;Mujeres;642
1º y 2º ciclo. Solo Segundo Ciclo;De 26 a 30 años;Universidades privadas;Centros propios;Hombres;169
1º y 2º ciclo. Solo Segundo Ciclo;De 26 a 30 años;Universidades privadas;Centros adscritos;Ambos Sexos;.
1º y 2º ciclo. Solo Segundo Ciclo;De 26 a 30 años;Universidades privadas;Centros adscritos;Mujeres;.
1º y 2º ciclo. Solo Segundo Ciclo;De 26 a 30 años;Universidades privadas;Centros adscritos;Hombres;.
1º y 2º ciclo. Solo Segundo Ciclo;Más de 30 años;Total Universidades;Total Centros;Ambos Sexos;6.488
1º y 2º ciclo. Solo Segundo Ciclo;Más de 30 años;Total Universidades;Total Centros;Mujeres;3.570
1º y 2º ciclo. Solo Segundo Ciclo;Más de 30 años;Total Universidades;Total Centros;Hombres;2.918
1º y 2º ciclo. Solo Segundo Ciclo;Más de 30 años;Total Universidades;Centros propios;Ambos Sexos;6.447
1º y 2º ciclo. Solo Segundo Ciclo;Más de 30 años;Total Universidades;Centros propios;Mujeres;3.535
1º y 2º ciclo. Solo Segundo Ciclo;Más de 30 años;Total Universidades;Centros propios;Hombres;2.912
1º y 2º ciclo. Solo Segundo Ciclo;Más de 30 años;Total Universidades;Centros adscritos;Ambos Sexos;..
1º y 2º ciclo. Solo Segundo Ciclo;Más de 30 años;Total Universidades;Centros adscritos;Mujeres;..
1º y 2º ciclo. Solo Segundo Ciclo;Más de 30 años;Total Universidades;Centros adscritos;Hombres;.
1º y 2º ciclo. Solo Segundo Ciclo;Más de 30 años;Universidades públicas;Total Centros;Ambos Sexos;4.568
1º y 2º ciclo. Solo Segundo Ciclo;Más de 30 años;Universidades públicas;Total Centros;Mujeres;2.373
1º y 2º ciclo. Solo Segundo Ciclo;Más de 30 años;Universidades públicas;Total Centros;Hombres;2.195
1º y 2º ciclo. Solo Segundo Ciclo;Más de 30 años;Universidades públicas;Centros propios;Ambos Sexos;4.527
1º y 2º ciclo. Solo Segundo Ciclo;Más de 30 años;Universidades públicas;Centros propios;Mujeres;2.338
1º y 2º ciclo. Solo Segundo Ciclo;Más de 30 años;Universidades públicas;Centros propios;Hombres;2.189
1º y 2º ciclo. Solo Segundo Ciclo;Más de 30 años;Universidades públicas;Centros adscritos;Ambos Sexos;..
1º y 2º ciclo. Solo Segundo Ciclo;Más de 30 años;Universidades públicas;Centros adscritos;Mujeres;..
1º y 2º ciclo. Solo Segundo Ciclo;Más de 30 años;Universidades públicas;Centros adscritos;Hombres;.
1º y 2º ciclo. Solo Segundo Ciclo;Más de 30 años;Universidades privadas;Total Centros;Ambos Sexos;1.920
1º y 2º ciclo. Solo Segundo Ciclo;Más de 30 años;Universidades privadas;Total Centros;Mujeres;1.197
1º y 2º ciclo. Solo Segundo Ciclo;Más de 30 años;Universidades privadas;Total Centros;Hombres;723
1º y 2º ciclo. Solo Segundo Ciclo;Más de 30 años;Universidades privadas;Centros propios;Ambos Sexos;1.920
1º y 2º ciclo. Solo Segundo Ciclo;Más de 30 años;Universidades privadas;Centros propios;Mujeres;1.197
1º y 2º ciclo. Solo Segundo Ciclo;Más de 30 años;Universidades privadas;Centros propios;Hombres;723
1º y 2º ciclo. Solo Segundo Ciclo;Más de 30 años;Universidades privadas;Centros adscritos;Ambos Sexos;.
1º y 2º ciclo. Solo Segundo Ciclo;Más de 30 años;Universidades privadas;Centros adscritos;Mujeres;.
1º y 2º ciclo. Solo Segundo Ciclo;Más de 30 años;Universidades privadas;Centros adscritos;Hombres;.
